patient_id,abnormality_category,breast_side,image_view,pathology,label,dataset_split,original_image_path,normalized_image_path,contrast_image_path,sharpened_image_path,noise_type,denoising_method,noisy_image_path,denoised_image_path
P_00044,mass,RIGHT,CC,BENIGN,0,train,/app/data/raw/CBIS_DDSM/jpeg/1.3.6.1.4.1.9590.100.1.2.101999469712679926627011488331183444331/1-063.jpg,/app/data/processed/normalized/P_00044_mass_RIGHT_CC_1-063.png,/app/data/processed/contrast/P_00044_mass_RIGHT_CC_1-063.png,/app/data/processed/sharpened/P_00044_mass_RIGHT_CC_1-063.png,,,,
P_00106,mass,LEFT,MLO,BENIGN_WITHOUT_CALLBACK,0,train,/app/data/raw/CBIS_DDSM/jpeg/1.3.6.1.4.1.9590.100.1.2.101916619211998977734958230192374913578/1-153.jpg,/app/data/processed/normalized/P_00106_mass_LEFT_MLO_1-153.png,/app/data/processed/contrast/P_00106_mass_LEFT_MLO_1-153.png,/app/data/processed/sharpened/P_00106_mass_LEFT_MLO_1-153.png,,,,
P_00106,mass,RIGHT,MLO,BENIGN_WITHOUT_CALLBACK,0,train,/app/data/raw/CBIS_DDSM/jpeg/1.3.6.1.4.1.9590.100.1.2.10098093912338239901459163343317187533/1-285.jpg,/app/data/processed/normalized/P_00106_mass_RIGHT_MLO_1-285.png,/app/data/processed/contrast/P_00106_mass_RIGHT_MLO_1-285.png,/app/data/processed/sharpened/P_00106_mass_RIGHT_MLO_1-285.png,,,,
P_00187,mass,LEFT,CC,BENIGN,0,train,/app/data/raw/CBIS_DDSM/jpeg/1.3.6.1.4.1.9590.100.1.2.101838604411514372224355857201121413540/1-161.jpg,/app/data/processed/normalized/P_00187_mass_LEFT_CC_1-161.png,/app/data/processed/contrast/P_00187_mass_LEFT_CC_1-161.png,/app/data/processed/sharpened/P_00187_mass_LEFT_CC_1-161.png,,,,
P_00281,mass,LEFT,MLO,BENIGN,0,train,/app/data/raw/CBIS_DDSM/jpeg/1.3.6.1.4.1.9590.100.1.2.100682860911308271813943300011840547108/1-198.jpg,/app/data/processed/normalized/P_00281_mass_LEFT_MLO_1-198.png,/app/data/processed/contrast/P_00281_mass_LEFT_MLO_1-198.png,/app/data/processed/sharpened/P_00281_mass_LEFT_MLO_1-198.png,,,,
P_00351,mass,LEFT,MLO,BENIGN,0,train,/app/data/raw/CBIS_DDSM/jpeg/1.3.6.1.4.1.9590.100.1.2.101493470410482092525730380153954599203/1-257.jpg,/app/data/processed/normalized/P_00351_mass_LEFT_MLO_1-257.png,/app/data/processed/contrast/P_00351_mass_LEFT_MLO_1-257.png,/app/data/processed/sharpened/P_00351_mass_LEFT_MLO_1-257.png,,,,
P_00512,mass,RIGHT,CC,BENIGN,0,train,/app/data/raw/CBIS_DDSM/jpeg/1.3.6.1.4.1.9590.100.1.2.102616147513045377112164328153581806961/1-205.jpg,/app/data/processed/normalized/P_00512_mass_RIGHT_CC_1-205.png,/app/data/processed/contrast/P_00512_mass_RIGHT_CC_1-205.png,/app/data/processed/sharpened/P_00512_mass_RIGHT_CC_1-205.png,,,,
P_01142,mass,RIGHT,MLO,BENIGN_WITHOUT_CALLBACK,0,train,/app/data/raw/CBIS_DDSM/jpeg/1.3.6.1.4.1.9590.100.1.2.101462230211922707319927858504016007558/1-048.jpg,/app/data/processed/normalized/P_01142_mass_RIGHT_MLO_1-048.png,/app/data/processed/contrast/P_01142_mass_RIGHT_MLO_1-048.png,/app/data/processed/sharpened/P_01142_mass_RIGHT_MLO_1-048.png,,,,
P_01144,mass,LEFT,CC,MALIGNANT,1,train,/app/data/raw/CBIS_DDSM/jpeg/1.3.6.1.4.1.9590.100.1.2.101979994513111795025203250011046951602/1-234.jpg,/app/data/processed/normalized/P_01144_mass_LEFT_CC_1-234.png,/app/data/processed/contrast/P_01144_mass_LEFT_CC_1-234.png,/app/data/processed/sharpened/P_01144_mass_LEFT_CC_1-234.png,,,,
P_01232,mass,RIGHT,CC,MALIGNANT,1,train,/app/data/raw/CBIS_DDSM/jpeg/1.3.6.1.4.1.9590.100.1.2.101302820113690396725231863062647135083/1-162.jpg,/app/data/processed/normalized/P_01232_mass_RIGHT_CC_1-162.png,/app/data/processed/contrast/P_01232_mass_RIGHT_CC_1-162.png,/app/data/processed/sharpened/P_01232_mass_RIGHT_CC_1-162.png,,,,
P_00044,mass,RIGHT,CC,BENIGN,0,train,/app/data/raw/CBIS_DDSM/jpeg/1.3.6.1.4.1.9590.100.1.2.101999469712679926627011488331183444331/1-063.jpg,/app/data/processed/normalized/P_00044_mass_RIGHT_CC_1-063.png,/app/data/processed/contrast/P_00044_mass_RIGHT_CC_1-063.png,/app/data/processed/sharpened/P_00044_mass_RIGHT_CC_1-063.png,gaussian,median,/app/data/processed/noisy/gaussian/P_00044_mass_RIGHT_CC_1-063.png,/app/data/processed/denoised/median/gaussian_P_00044_mass_RIGHT_CC_1-063.png
P_00044,mass,RIGHT,CC,BENIGN,0,train,/app/data/raw/CBIS_DDSM/jpeg/1.3.6.1.4.1.9590.100.1.2.101999469712679926627011488331183444331/1-063.jpg,/app/data/processed/normalized/P_00044_mass_RIGHT_CC_1-063.png,/app/data/processed/contrast/P_00044_mass_RIGHT_CC_1-063.png,/app/data/processed/sharpened/P_00044_mass_RIGHT_CC_1-063.png,gaussian,gaussian,/app/data/processed/noisy/gaussian/P_00044_mass_RIGHT_CC_1-063.png,/app/data/processed/denoised/gaussian/gaussian_P_00044_mass_RIGHT_CC_1-063.png
P_00044,mass,RIGHT,CC,BENIGN,0,train,/app/data/raw/CBIS_DDSM/jpeg/1.3.6.1.4.1.9590.100.1.2.101999469712679926627011488331183444331/1-063.jpg,/app/data/processed/normalized/P_00044_mass_RIGHT_CC_1-063.png,/app/data/processed/contrast/P_00044_mass_RIGHT_CC_1-063.png,/app/data/processed/sharpened/P_00044_mass_RIGHT_CC_1-063.png,gaussian,wiener,/app/data/processed/noisy/gaussian/P_00044_mass_RIGHT_CC_1-063.png,/app/data/processed/denoised/wiener/gaussian_P_00044_mass_RIGHT_CC_1-063.png
P_00044,mass,RIGHT,CC,BENIGN,0,train,/app/data/raw/CBIS_DDSM/jpeg/1.3.6.1.4.1.9590.100.1.2.101999469712679926627011488331183444331/1-063.jpg,/app/data/processed/normalized/P_00044_mass_RIGHT_CC_1-063.png,/app/data/processed/contrast/P_00044_mass_RIGHT_CC_1-063.png,/app/data/processed/sharpened/P_00044_mass_RIGHT_CC_1-063.png,gaussian,bilateral,/app/data/processed/noisy/gaussian/P_00044_mass_RIGHT_CC_1-063.png,/app/data/processed/denoised/bilateral/gaussian_P_00044_mass_RIGHT_CC_1-063.png
P_00044,mass,RIGHT,CC,BENIGN,0,train,/app/data/raw/CBIS_DDSM/jpeg/1.3.6.1.4.1.9590.100.1.2.101999469712679926627011488331183444331/1-063.jpg,/app/data/processed/normalized/P_00044_mass_RIGHT_CC_1-063.png,/app/data/processed/contrast/P_00044_mass_RIGHT_CC_1-063.png,/app/data/processed/sharpened/P_00044_mass_RIGHT_CC_1-063.png,gaussian,non_local_means,/app/data/processed/noisy/gaussian/P_00044_mass_RIGHT_CC_1-063.png,/app/data/processed/denoised/non_local_means/gaussian_P_00044_mass_RIGHT_CC_1-063.png
P_00044,mass,RIGHT,CC,BENIGN,0,train,/app/data/raw/CBIS_DDSM/jpeg/1.3.6.1.4.1.9590.100.1.2.101999469712679926627011488331183444331/1-063.jpg,/app/data/processed/normalized/P_00044_mass_RIGHT_CC_1-063.png,/app/data/processed/contrast/P_00044_mass_RIGHT_CC_1-063.png,/app/data/processed/sharpened/P_00044_mass_RIGHT_CC_1-063.png,gaussian,anscombe_wiener,/app/data/processed/noisy/gaussian/P_00044_mass_RIGHT_CC_1-063.png,/app/data/processed/denoised/anscombe_wiener/gaussian_P_00044_mass_RIGHT_CC_1-063.png
P_00044,mass,RIGHT,CC,BENIGN,0,train,/app/data/raw/CBIS_DDSM/jpeg/1.3.6.1.4.1.9590.100.1.2.101999469712679926627011488331183444331/1-063.jpg,/app/data/processed/normalized/P_00044_mass_RIGHT_CC_1-063.png,/app/data/processed/contrast/P_00044_mass_RIGHT_CC_1-063.png,/app/data/processed/sharpened/P_00044_mass_RIGHT_CC_1-063.png,gaussian,adaptive_median,/app/data/processed/noisy/gaussian/P_00044_mass_RIGHT_CC_1-063.png,/app/data/processed/denoised/adaptive_median/gaussian_P_00044_mass_RIGHT_CC_1-063.png
P_00044,mass,RIGHT,CC,BENIGN,0,train,/app/data/raw/CBIS_DDSM/jpeg/1.3.6.1.4.1.9590.100.1.2.101999469712679926627011488331183444331/1-063.jpg,/app/data/processed/normalized/P_00044_mass_RIGHT_CC_1-063.png,/app/data/processed/contrast/P_00044_mass_RIGHT_CC_1-063.png,/app/data/processed/sharpened/P_00044_mass_RIGHT_CC_1-063.png,gaussian,kuan,/app/data/processed/noisy/gaussian/P_00044_mass_RIGHT_CC_1-063.png,/app/data/processed/denoised/kuan/gaussian_P_00044_mass_RIGHT_CC_1-063.png
P_00044,mass,RIGHT,CC,BENIGN,0,train,/app/data/raw/CBIS_DDSM/jpeg/1.3.6.1.4.1.9590.100.1.2.101999469712679926627011488331183444331/1-063.jpg,/app/data/processed/normalized/P_00044_mass_RIGHT_CC_1-063.png,/app/data/processed/contrast/P_00044_mass_RIGHT_CC_1-063.png,/app/data/processed/sharpened/P_00044_mass_RIGHT_CC_1-063.png,salt_pepper,median,/app/data/processed/noisy/salt_pepper/P_00044_mass_RIGHT_CC_1-063.png,/app/data/processed/denoised/median/salt_pepper_P_00044_mass_RIGHT_CC_1-063.png
P_00044,mass,RIGHT,CC,BENIGN,0,train,/app/data/raw/CBIS_DDSM/jpeg/1.3.6.1.4.1.9590.100.1.2.101999469712679926627011488331183444331/1-063.jpg,/app/data/processed/normalized/P_00044_mass_RIGHT_CC_1-063.png,/app/data/processed/contrast/P_00044_mass_RIGHT_CC_1-063.png,/app/data/processed/sharpened/P_00044_mass_RIGHT_CC_1-063.png,salt_pepper,gaussian,/app/data/processed/noisy/salt_pepper/P_00044_mass_RIGHT_CC_1-063.png,/app/data/processed/denoised/gaussian/salt_pepper_P_00044_mass_RIGHT_CC_1-063.png
P_00044,mass,RIGHT,CC,BENIGN,0,train,/app/data/raw/CBIS_DDSM/jpeg/1.3.6.1.4.1.9590.100.1.2.101999469712679926627011488331183444331/1-063.jpg,/app/data/processed/normalized/P_00044_mass_RIGHT_CC_1-063.png,/app/data/processed/contrast/P_00044_mass_RIGHT_CC_1-063.png,/app/data/processed/sharpened/P_00044_mass_RIGHT_CC_1-063.png,salt_pepper,wiener,/app/data/processed/noisy/salt_pepper/P_00044_mass_RIGHT_CC_1-063.png,/app/data/processed/denoised/wiener/salt_pepper_P_00044_mass_RIGHT_CC_1-063.png
P_00044,mass,RIGHT,CC,BENIGN,0,train,/app/data/raw/CBIS_DDSM/jpeg/1.3.6.1.4.1.9590.100.1.2.101999469712679926627011488331183444331/1-063.jpg,/app/data/processed/normalized/P_00044_mass_RIGHT_CC_1-063.png,/app/data/processed/contrast/P_00044_mass_RIGHT_CC_1-063.png,/app/data/processed/sharpened/P_00044_mass_RIGHT_CC_1-063.png,salt_pepper,bilateral,/app/data/processed/noisy/salt_pepper/P_00044_mass_RIGHT_CC_1-063.png,/app/data/processed/denoised/bilateral/salt_pepper_P_00044_mass_RIGHT_CC_1-063.png
P_00044,mass,RIGHT,CC,BENIGN,0,train,/app/data/raw/CBIS_DDSM/jpeg/1.3.6.1.4.1.9590.100.1.2.101999469712679926627011488331183444331/1-063.jpg,/app/data/processed/normalized/P_00044_mass_RIGHT_CC_1-063.png,/app/data/processed/contrast/P_00044_mass_RIGHT_CC_1-063.png,/app/data/processed/sharpened/P_00044_mass_RIGHT_CC_1-063.png,salt_pepper,non_local_means,/app/data/processed/noisy/salt_pepper/P_00044_mass_RIGHT_CC_1-063.png,/app/data/processed/denoised/non_local_means/salt_pepper_P_00044_mass_RIGHT_CC_1-063.png
P_00044,mass,RIGHT,CC,BENIGN,0,train,/app/data/raw/CBIS_DDSM/jpeg/1.3.6.1.4.1.9590.100.1.2.101999469712679926627011488331183444331/1-063.jpg,/app/data/processed/normalized/P_00044_mass_RIGHT_CC_1-063.png,/app/data/processed/contrast/P_00044_mass_RIGHT_CC_1-063.png,/app/data/processed/sharpened/P_00044_mass_RIGHT_CC_1-063.png,salt_pepper,anscombe_wiener,/app/data/processed/noisy/salt_pepper/P_00044_mass_RIGHT_CC_1-063.png,/app/data/processed/denoised/anscombe_wiener/salt_pepper_P_00044_mass_RIGHT_CC_1-063.png
P_00044,mass,RIGHT,CC,BENIGN,0,train,/app/data/raw/CBIS_DDSM/jpeg/1.3.6.1.4.1.9590.100.1.2.101999469712679926627011488331183444331/1-063.jpg,/app/data/processed/normalized/P_00044_mass_RIGHT_CC_1-063.png,/app/data/processed/contrast/P_00044_mass_RIGHT_CC_1-063.png,/app/data/processed/sharpened/P_00044_mass_RIGHT_CC_1-063.png,salt_pepper,adaptive_median,/app/data/processed/noisy/salt_pepper/P_00044_mass_RIGHT_CC_1-063.png,/app/data/processed/denoised/adaptive_median/salt_pepper_P_00044_mass_RIGHT_CC_1-063.png
P_00044,mass,RIGHT,CC,BENIGN,0,train,/app/data/raw/CBIS_DDSM/jpeg/1.3.6.1.4.1.9590.100.1.2.101999469712679926627011488331183444331/1-063.jpg,/app/data/processed/normalized/P_00044_mass_RIGHT_CC_1-063.png,/app/data/processed/contrast/P_00044_mass_RIGHT_CC_1-063.png,/app/data/processed/sharpened/P_00044_mass_RIGHT_CC_1-063.png,salt_pepper,kuan,/app/data/processed/noisy/salt_pepper/P_00044_mass_RIGHT_CC_1-063.png,/app/data/processed/denoised/kuan/salt_pepper_P_00044_mass_RIGHT_CC_1-063.png
P_00044,mass,RIGHT,CC,BENIGN,0,train,/app/data/raw/CBIS_DDSM/jpeg/1.3.6.1.4.1.9590.100.1.2.101999469712679926627011488331183444331/1-063.jpg,/app/data/processed/normalized/P_00044_mass_RIGHT_CC_1-063.png,/app/data/processed/contrast/P_00044_mass_RIGHT_CC_1-063.png,/app/data/processed/sharpened/P_00044_mass_RIGHT_CC_1-063.png,speckle,median,/app/data/processed/noisy/speckle/P_00044_mass_RIGHT_CC_1-063.png,/app/data/processed/denoised/median/speckle_P_00044_mass_RIGHT_CC_1-063.png
P_00044,mass,RIGHT,CC,BENIGN,0,train,/app/data/raw/CBIS_DDSM/jpeg/1.3.6.1.4.1.9590.100.1.2.101999469712679926627011488331183444331/1-063.jpg,/app/data/processed/normalized/P_00044_mass_RIGHT_CC_1-063.png,/app/data/processed/contrast/P_00044_mass_RIGHT_CC_1-063.png,/app/data/processed/sharpened/P_00044_mass_RIGHT_CC_1-063.png,speckle,gaussian,/app/data/processed/noisy/speckle/P_00044_mass_RIGHT_CC_1-063.png,/app/data/processed/denoised/gaussian/speckle_P_00044_mass_RIGHT_CC_1-063.png
P_00044,mass,RIGHT,CC,BENIGN,0,train,/app/data/raw/CBIS_DDSM/jpeg/1.3.6.1.4.1.9590.100.1.2.101999469712679926627011488331183444331/1-063.jpg,/app/data/processed/normalized/P_00044_mass_RIGHT_CC_1-063.png,/app/data/processed/contrast/P_00044_mass_RIGHT_CC_1-063.png,/app/data/processed/sharpened/P_00044_mass_RIGHT_CC_1-063.png,speckle,wiener,/app/data/processed/noisy/speckle/P_00044_mass_RIGHT_CC_1-063.png,/app/data/processed/denoised/wiener/speckle_P_00044_mass_RIGHT_CC_1-063.png
P_00044,mass,RIGHT,CC,BENIGN,0,train,/app/data/raw/CBIS_DDSM/jpeg/1.3.6.1.4.1.9590.100.1.2.101999469712679926627011488331183444331/1-063.jpg,/app/data/processed/normalized/P_00044_mass_RIGHT_CC_1-063.png,/app/data/processed/contrast/P_00044_mass_RIGHT_CC_1-063.png,/app/data/processed/sharpened/P_00044_mass_RIGHT_CC_1-063.png,speckle,bilateral,/app/data/processed/noisy/speckle/P_00044_mass_RIGHT_CC_1-063.png,/app/data/processed/denoised/bilateral/speckle_P_00044_mass_RIGHT_CC_1-063.png
P_00044,mass,RIGHT,CC,BENIGN,0,train,/app/data/raw/CBIS_DDSM/jpeg/1.3.6.1.4.1.9590.100.1.2.101999469712679926627011488331183444331/1-063.jpg,/app/data/processed/normalized/P_00044_mass_RIGHT_CC_1-063.png,/app/data/processed/contrast/P_00044_mass_RIGHT_CC_1-063.png,/app/data/processed/sharpened/P_00044_mass_RIGHT_CC_1-063.png,speckle,non_local_means,/app/data/processed/noisy/speckle/P_00044_mass_RIGHT_CC_1-063.png,/app/data/processed/denoised/non_local_means/speckle_P_00044_mass_RIGHT_CC_1-063.png
P_00044,mass,RIGHT,CC,BENIGN,0,train,/app/data/raw/CBIS_DDSM/jpeg/1.3.6.1.4.1.9590.100.1.2.101999469712679926627011488331183444331/1-063.jpg,/app/data/processed/normalized/P_00044_mass_RIGHT_CC_1-063.png,/app/data/processed/contrast/P_00044_mass_RIGHT_CC_1-063.png,/app/data/processed/sharpened/P_00044_mass_RIGHT_CC_1-063.png,speckle,anscombe_wiener,/app/data/processed/noisy/speckle/P_00044_mass_RIGHT_CC_1-063.png,/app/data/processed/denoised/anscombe_wiener/speckle_P_00044_mass_RIGHT_CC_1-063.png
P_00044,mass,RIGHT,CC,BENIGN,0,train,/app/data/raw/CBIS_DDSM/jpeg/1.3.6.1.4.1.9590.100.1.2.101999469712679926627011488331183444331/1-063.jpg,/app/data/processed/normalized/P_00044_mass_RIGHT_CC_1-063.png,/app/data/processed/contrast/P_00044_mass_RIGHT_CC_1-063.png,/app/data/processed/sharpened/P_00044_mass_RIGHT_CC_1-063.png,speckle,adaptive_median,/app/data/processed/noisy/speckle/P_00044_mass_RIGHT_CC_1-063.png,/app/data/processed/denoised/adaptive_median/speckle_P_00044_mass_RIGHT_CC_1-063.png
P_00044,mass,RIGHT,CC,BENIGN,0,train,/app/data/raw/CBIS_DDSM/jpeg/1.3.6.1.4.1.9590.100.1.2.101999469712679926627011488331183444331/1-063.jpg,/app/data/processed/normalized/P_00044_mass_RIGHT_CC_1-063.png,/app/data/processed/contrast/P_00044_mass_RIGHT_CC_1-063.png,/app/data/processed/sharpened/P_00044_mass_RIGHT_CC_1-063.png,speckle,kuan,/app/data/processed/noisy/speckle/P_00044_mass_RIGHT_CC_1-063.png,/app/data/processed/denoised/kuan/speckle_P_00044_mass_RIGHT_CC_1-063.png
P_00044,mass,RIGHT,CC,BENIGN,0,train,/app/data/raw/CBIS_DDSM/jpeg/1.3.6.1.4.1.9590.100.1.2.101999469712679926627011488331183444331/1-063.jpg,/app/data/processed/normalized/P_00044_mass_RIGHT_CC_1-063.png,/app/data/processed/contrast/P_00044_mass_RIGHT_CC_1-063.png,/app/data/processed/sharpened/P_00044_mass_RIGHT_CC_1-063.png,poisson,median,/app/data/processed/noisy/poisson/P_00044_mass_RIGHT_CC_1-063.png,/app/data/processed/denoised/median/poisson_P_00044_mass_RIGHT_CC_1-063.png
P_00044,mass,RIGHT,CC,BENIGN,0,train,/app/data/raw/CBIS_DDSM/jpeg/1.3.6.1.4.1.9590.100.1.2.101999469712679926627011488331183444331/1-063.jpg,/app/data/processed/normalized/P_00044_mass_RIGHT_CC_1-063.png,/app/data/processed/contrast/P_00044_mass_RIGHT_CC_1-063.png,/app/data/processed/sharpened/P_00044_mass_RIGHT_CC_1-063.png,poisson,gaussian,/app/data/processed/noisy/poisson/P_00044_mass_RIGHT_CC_1-063.png,/app/data/processed/denoised/gaussian/poisson_P_00044_mass_RIGHT_CC_1-063.png
P_00044,mass,RIGHT,CC,BENIGN,0,train,/app/data/raw/CBIS_DDSM/jpeg/1.3.6.1.4.1.9590.100.1.2.101999469712679926627011488331183444331/1-063.jpg,/app/data/processed/normalized/P_00044_mass_RIGHT_CC_1-063.png,/app/data/processed/contrast/P_00044_mass_RIGHT_CC_1-063.png,/app/data/processed/sharpened/P_00044_mass_RIGHT_CC_1-063.png,poisson,wiener,/app/data/processed/noisy/poisson/P_00044_mass_RIGHT_CC_1-063.png,/app/data/processed/denoised/wiener/poisson_P_00044_mass_RIGHT_CC_1-063.png
P_00044,mass,RIGHT,CC,BENIGN,0,train,/app/data/raw/CBIS_DDSM/jpeg/1.3.6.1.4.1.9590.100.1.2.101999469712679926627011488331183444331/1-063.jpg,/app/data/processed/normalized/P_00044_mass_RIGHT_CC_1-063.png,/app/data/processed/contrast/P_00044_mass_RIGHT_CC_1-063.png,/app/data/processed/sharpened/P_00044_mass_RIGHT_CC_1-063.png,poisson,bilateral,/app/data/processed/noisy/poisson/P_00044_mass_RIGHT_CC_1-063.png,/app/data/processed/denoised/bilateral/poisson_P_00044_mass_RIGHT_CC_1-063.png
P_00044,mass,RIGHT,CC,BENIGN,0,train,/app/data/raw/CBIS_DDSM/jpeg/1.3.6.1.4.1.9590.100.1.2.101999469712679926627011488331183444331/1-063.jpg,/app/data/processed/normalized/P_00044_mass_RIGHT_CC_1-063.png,/app/data/processed/contrast/P_00044_mass_RIGHT_CC_1-063.png,/app/data/processed/sharpened/P_00044_mass_RIGHT_CC_1-063.png,poisson,non_local_means,/app/data/processed/noisy/poisson/P_00044_mass_RIGHT_CC_1-063.png,/app/data/processed/denoised/non_local_means/poisson_P_00044_mass_RIGHT_CC_1-063.png
P_00044,mass,RIGHT,CC,BENIGN,0,train,/app/data/raw/CBIS_DDSM/jpeg/1.3.6.1.4.1.9590.100.1.2.101999469712679926627011488331183444331/1-063.jpg,/app/data/processed/normalized/P_00044_mass_RIGHT_CC_1-063.png,/app/data/processed/contrast/P_00044_mass_RIGHT_CC_1-063.png,/app/data/processed/sharpened/P_00044_mass_RIGHT_CC_1-063.png,poisson,anscombe_wiener,/app/data/processed/noisy/poisson/P_00044_mass_RIGHT_CC_1-063.png,/app/data/processed/denoised/anscombe_wiener/poisson_P_00044_mass_RIGHT_CC_1-063.png
P_00044,mass,RIGHT,CC,BENIGN,0,train,/app/data/raw/CBIS_DDSM/jpeg/1.3.6.1.4.1.9590.100.1.2.101999469712679926627011488331183444331/1-063.jpg,/app/data/processed/normalized/P_00044_mass_RIGHT_CC_1-063.png,/app/data/processed/contrast/P_00044_mass_RIGHT_CC_1-063.png,/app/data/processed/sharpened/P_00044_mass_RIGHT_CC_1-063.png,poisson,adaptive_median,/app/data/processed/noisy/poisson/P_00044_mass_RIGHT_CC_1-063.png,/app/data/processed/denoised/adaptive_median/poisson_P_00044_mass_RIGHT_CC_1-063.png
P_00044,mass,RIGHT,CC,BENIGN,0,train,/app/data/raw/CBIS_DDSM/jpeg/1.3.6.1.4.1.9590.100.1.2.101999469712679926627011488331183444331/1-063.jpg,/app/data/processed/normalized/P_00044_mass_RIGHT_CC_1-063.png,/app/data/processed/contrast/P_00044_mass_RIGHT_CC_1-063.png,/app/data/processed/sharpened/P_00044_mass_RIGHT_CC_1-063.png,poisson,kuan,/app/data/processed/noisy/poisson/P_00044_mass_RIGHT_CC_1-063.png,/app/data/processed/denoised/kuan/poisson_P_00044_mass_RIGHT_CC_1-063.png
P_00044,mass,RIGHT,CC,BENIGN,0,train,/app/data/raw/CBIS_DDSM/jpeg/1.3.6.1.4.1.9590.100.1.2.101999469712679926627011488331183444331/1-063.jpg,/app/data/processed/normalized/P_00044_mass_RIGHT_CC_1-063.png,/app/data/processed/contrast/P_00044_mass_RIGHT_CC_1-063.png,/app/data/processed/sharpened/P_00044_mass_RIGHT_CC_1-063.png,mixed_poisson_gaussian,median,/app/data/processed/noisy/mixed_poisson_gaussian/P_00044_mass_RIGHT_CC_1-063.png,/app/data/processed/denoised/median/mixed_poisson_gaussian_P_00044_mass_RIGHT_CC_1-063.png
P_00044,mass,RIGHT,CC,BENIGN,0,train,/app/data/raw/CBIS_DDSM/jpeg/1.3.6.1.4.1.9590.100.1.2.101999469712679926627011488331183444331/1-063.jpg,/app/data/processed/normalized/P_00044_mass_RIGHT_CC_1-063.png,/app/data/processed/contrast/P_00044_mass_RIGHT_CC_1-063.png,/app/data/processed/sharpened/P_00044_mass_RIGHT_CC_1-063.png,mixed_poisson_gaussian,gaussian,/app/data/processed/noisy/mixed_poisson_gaussian/P_00044_mass_RIGHT_CC_1-063.png,/app/data/processed/denoised/gaussian/mixed_poisson_gaussian_P_00044_mass_RIGHT_CC_1-063.png
P_00044,mass,RIGHT,CC,BENIGN,0,train,/app/data/raw/CBIS_DDSM/jpeg/1.3.6.1.4.1.9590.100.1.2.101999469712679926627011488331183444331/1-063.jpg,/app/data/processed/normalized/P_00044_mass_RIGHT_CC_1-063.png,/app/data/processed/contrast/P_00044_mass_RIGHT_CC_1-063.png,/app/data/processed/sharpened/P_00044_mass_RIGHT_CC_1-063.png,mixed_poisson_gaussian,wiener,/app/data/processed/noisy/mixed_poisson_gaussian/P_00044_mass_RIGHT_CC_1-063.png,/app/data/processed/denoised/wiener/mixed_poisson_gaussian_P_00044_mass_RIGHT_CC_1-063.png
P_00044,mass,RIGHT,CC,BENIGN,0,train,/app/data/raw/CBIS_DDSM/jpeg/1.3.6.1.4.1.9590.100.1.2.101999469712679926627011488331183444331/1-063.jpg,/app/data/processed/normalized/P_00044_mass_RIGHT_CC_1-063.png,/app/data/processed/contrast/P_00044_mass_RIGHT_CC_1-063.png,/app/data/processed/sharpened/P_00044_mass_RIGHT_CC_1-063.png,mixed_poisson_gaussian,bilateral,/app/data/processed/noisy/mixed_poisson_gaussian/P_00044_mass_RIGHT_CC_1-063.png,/app/data/processed/denoised/bilateral/mixed_poisson_gaussian_P_00044_mass_RIGHT_CC_1-063.png
P_00044,mass,RIGHT,CC,BENIGN,0,train,/app/data/raw/CBIS_DDSM/jpeg/1.3.6.1.4.1.9590.100.1.2.101999469712679926627011488331183444331/1-063.jpg,/app/data/processed/normalized/P_00044_mass_RIGHT_CC_1-063.png,/app/data/processed/contrast/P_00044_mass_RIGHT_CC_1-063.png,/app/data/processed/sharpened/P_00044_mass_RIGHT_CC_1-063.png,mixed_poisson_gaussian,non_local_means,/app/data/processed/noisy/mixed_poisson_gaussian/P_00044_mass_RIGHT_CC_1-063.png,/app/data/processed/denoised/non_local_means/mixed_poisson_gaussian_P_00044_mass_RIGHT_CC_1-063.png
P_00044,mass,RIGHT,CC,BENIGN,0,train,/app/data/raw/CBIS_DDSM/jpeg/1.3.6.1.4.1.9590.100.1.2.101999469712679926627011488331183444331/1-063.jpg,/app/data/processed/normalized/P_00044_mass_RIGHT_CC_1-063.png,/app/data/processed/contrast/P_00044_mass_RIGHT_CC_1-063.png,/app/data/processed/sharpened/P_00044_mass_RIGHT_CC_1-063.png,mixed_poisson_gaussian,anscombe_wiener,/app/data/processed/noisy/mixed_poisson_gaussian/P_00044_mass_RIGHT_CC_1-063.png,/app/data/processed/denoised/anscombe_wiener/mixed_poisson_gaussian_P_00044_mass_RIGHT_CC_1-063.png
P_00044,mass,RIGHT,CC,BENIGN,0,train,/app/data/raw/CBIS_DDSM/jpeg/1.3.6.1.4.1.9590.100.1.2.101999469712679926627011488331183444331/1-063.jpg,/app/data/processed/normalized/P_00044_mass_RIGHT_CC_1-063.png,/app/data/processed/contrast/P_00044_mass_RIGHT_CC_1-063.png,/app/data/processed/sharpened/P_00044_mass_RIGHT_CC_1-063.png,mixed_poisson_gaussian,adaptive_median,/app/data/processed/noisy/mixed_poisson_gaussian/P_00044_mass_RIGHT_CC_1-063.png,/app/data/processed/denoised/adaptive_median/mixed_poisson_gaussian_P_00044_mass_RIGHT_CC_1-063.png
P_00044,mass,RIGHT,CC,BENIGN,0,train,/app/data/raw/CBIS_DDSM/jpeg/1.3.6.1.4.1.9590.100.1.2.101999469712679926627011488331183444331/1-063.jpg,/app/data/processed/normalized/P_00044_mass_RIGHT_CC_1-063.png,/app/data/processed/contrast/P_00044_mass_RIGHT_CC_1-063.png,/app/data/processed/sharpened/P_00044_mass_RIGHT_CC_1-063.png,mixed_poisson_gaussian,kuan,/app/data/processed/noisy/mixed_poisson_gaussian/P_00044_mass_RIGHT_CC_1-063.png,/app/data/processed/denoised/kuan/mixed_poisson_gaussian_P_00044_mass_RIGHT_CC_1-063.png
P_00106,mass,LEFT,MLO,BENIGN_WITHOUT_CALLBACK,0,train,/app/data/raw/CBIS_DDSM/jpeg/1.3.6.1.4.1.9590.100.1.2.101916619211998977734958230192374913578/1-153.jpg,/app/data/processed/normalized/P_00106_mass_LEFT_MLO_1-153.png,/app/data/processed/contrast/P_00106_mass_LEFT_MLO_1-153.png,/app/data/processed/sharpened/P_00106_mass_LEFT_MLO_1-153.png,gaussian,median,/app/data/processed/noisy/gaussian/P_00106_mass_LEFT_MLO_1-153.png,/app/data/processed/denoised/median/gaussian_P_00106_mass_LEFT_MLO_1-153.png
P_00106,mass,LEFT,MLO,BENIGN_WITHOUT_CALLBACK,0,train,/app/data/raw/CBIS_DDSM/jpeg/1.3.6.1.4.1.9590.100.1.2.101916619211998977734958230192374913578/1-153.jpg,/app/data/processed/normalized/P_00106_mass_LEFT_MLO_1-153.png,/app/data/processed/contrast/P_00106_mass_LEFT_MLO_1-153.png,/app/data/processed/sharpened/P_00106_mass_LEFT_MLO_1-153.png,gaussian,gaussian,/app/data/processed/noisy/gaussian/P_00106_mass_LEFT_MLO_1-153.png,/app/data/processed/denoised/gaussian/gaussian_P_00106_mass_LEFT_MLO_1-153.png
P_00106,mass,LEFT,MLO,BENIGN_WITHOUT_CALLBACK,0,train,/app/data/raw/CBIS_DDSM/jpeg/1.3.6.1.4.1.9590.100.1.2.101916619211998977734958230192374913578/1-153.jpg,/app/data/processed/normalized/P_00106_mass_LEFT_MLO_1-153.png,/app/data/processed/contrast/P_00106_mass_LEFT_MLO_1-153.png,/app/data/processed/sharpened/P_00106_mass_LEFT_MLO_1-153.png,gaussian,wiener,/app/data/processed/noisy/gaussian/P_00106_mass_LEFT_MLO_1-153.png,/app/data/processed/denoised/wiener/gaussian_P_00106_mass_LEFT_MLO_1-153.png
P_00106,mass,LEFT,MLO,BENIGN_WITHOUT_CALLBACK,0,train,/app/data/raw/CBIS_DDSM/jpeg/1.3.6.1.4.1.9590.100.1.2.101916619211998977734958230192374913578/1-153.jpg,/app/data/processed/normalized/P_00106_mass_LEFT_MLO_1-153.png,/app/data/processed/contrast/P_00106_mass_LEFT_MLO_1-153.png,/app/data/processed/sharpened/P_00106_mass_LEFT_MLO_1-153.png,gaussian,bilateral,/app/data/processed/noisy/gaussian/P_00106_mass_LEFT_MLO_1-153.png,/app/data/processed/denoised/bilateral/gaussian_P_00106_mass_LEFT_MLO_1-153.png
P_00106,mass,LEFT,MLO,BENIGN_WITHOUT_CALLBACK,0,train,/app/data/raw/CBIS_DDSM/jpeg/1.3.6.1.4.1.9590.100.1.2.101916619211998977734958230192374913578/1-153.jpg,/app/data/processed/normalized/P_00106_mass_LEFT_MLO_1-153.png,/app/data/processed/contrast/P_00106_mass_LEFT_MLO_1-153.png,/app/data/processed/sharpened/P_00106_mass_LEFT_MLO_1-153.png,gaussian,non_local_means,/app/data/processed/noisy/gaussian/P_00106_mass_LEFT_MLO_1-153.png,/app/data/processed/denoised/non_local_means/gaussian_P_00106_mass_LEFT_MLO_1-153.png
P_00106,mass,LEFT,MLO,BENIGN_WITHOUT_CALLBACK,0,train,/app/data/raw/CBIS_DDSM/jpeg/1.3.6.1.4.1.9590.100.1.2.101916619211998977734958230192374913578/1-153.jpg,/app/data/processed/normalized/P_00106_mass_LEFT_MLO_1-153.png,/app/data/processed/contrast/P_00106_mass_LEFT_MLO_1-153.png,/app/data/processed/sharpened/P_00106_mass_LEFT_MLO_1-153.png,gaussian,anscombe_wiener,/app/data/processed/noisy/gaussian/P_00106_mass_LEFT_MLO_1-153.png,/app/data/processed/denoised/anscombe_wiener/gaussian_P_00106_mass_LEFT_MLO_1-153.png
P_00106,mass,LEFT,MLO,BENIGN_WITHOUT_CALLBACK,0,train,/app/data/raw/CBIS_DDSM/jpeg/1.3.6.1.4.1.9590.100.1.2.101916619211998977734958230192374913578/1-153.jpg,/app/data/processed/normalized/P_00106_mass_LEFT_MLO_1-153.png,/app/data/processed/contrast/P_00106_mass_LEFT_MLO_1-153.png,/app/data/processed/sharpened/P_00106_mass_LEFT_MLO_1-153.png,gaussian,adaptive_median,/app/data/processed/noisy/gaussian/P_00106_mass_LEFT_MLO_1-153.png,/app/data/processed/denoised/adaptive_median/gaussian_P_00106_mass_LEFT_MLO_1-153.png
P_00106,mass,LEFT,MLO,BENIGN_WITHOUT_CALLBACK,0,train,/app/data/raw/CBIS_DDSM/jpeg/1.3.6.1.4.1.9590.100.1.2.101916619211998977734958230192374913578/1-153.jpg,/app/data/processed/normalized/P_00106_mass_LEFT_MLO_1-153.png,/app/data/processed/contrast/P_00106_mass_LEFT_MLO_1-153.png,/app/data/processed/sharpened/P_00106_mass_LEFT_MLO_1-153.png,gaussian,kuan,/app/data/processed/noisy/gaussian/P_00106_mass_LEFT_MLO_1-153.png,/app/data/processed/denoised/kuan/gaussian_P_00106_mass_LEFT_MLO_1-153.png
P_00106,mass,LEFT,MLO,BENIGN_WITHOUT_CALLBACK,0,train,/app/data/raw/CBIS_DDSM/jpeg/1.3.6.1.4.1.9590.100.1.2.101916619211998977734958230192374913578/1-153.jpg,/app/data/processed/normalized/P_00106_mass_LEFT_MLO_1-153.png,/app/data/processed/contrast/P_00106_mass_LEFT_MLO_1-153.png,/app/data/processed/sharpened/P_00106_mass_LEFT_MLO_1-153.png,salt_pepper,median,/app/data/processed/noisy/salt_pepper/P_00106_mass_LEFT_MLO_1-153.png,/app/data/processed/denoised/median/salt_pepper_P_00106_mass_LEFT_MLO_1-153.png
P_00106,mass,LEFT,MLO,BENIGN_WITHOUT_CALLBACK,0,train,/app/data/raw/CBIS_DDSM/jpeg/1.3.6.1.4.1.9590.100.1.2.101916619211998977734958230192374913578/1-153.jpg,/app/data/processed/normalized/P_00106_mass_LEFT_MLO_1-153.png,/app/data/processed/contrast/P_00106_mass_LEFT_MLO_1-153.png,/app/data/processed/sharpened/P_00106_mass_LEFT_MLO_1-153.png,salt_pepper,gaussian,/app/data/processed/noisy/salt_pepper/P_00106_mass_LEFT_MLO_1-153.png,/app/data/processed/denoised/gaussian/salt_pepper_P_00106_mass_LEFT_MLO_1-153.png
P_00106,mass,LEFT,MLO,BENIGN_WITHOUT_CALLBACK,0,train,/app/data/raw/CBIS_DDSM/jpeg/1.3.6.1.4.1.9590.100.1.2.101916619211998977734958230192374913578/1-153.jpg,/app/data/processed/normalized/P_00106_mass_LEFT_MLO_1-153.png,/app/data/processed/contrast/P_00106_mass_LEFT_MLO_1-153.png,/app/data/processed/sharpened/P_00106_mass_LEFT_MLO_1-153.png,salt_pepper,wiener,/app/data/processed/noisy/salt_pepper/P_00106_mass_LEFT_MLO_1-153.png,/app/data/processed/denoised/wiener/salt_pepper_P_00106_mass_LEFT_MLO_1-153.png
P_00106,mass,LEFT,MLO,BENIGN_WITHOUT_CALLBACK,0,train,/app/data/raw/CBIS_DDSM/jpeg/1.3.6.1.4.1.9590.100.1.2.101916619211998977734958230192374913578/1-153.jpg,/app/data/processed/normalized/P_00106_mass_LEFT_MLO_1-153.png,/app/data/processed/contrast/P_00106_mass_LEFT_MLO_1-153.png,/app/data/processed/sharpened/P_00106_mass_LEFT_MLO_1-153.png,salt_pepper,bilateral,/app/data/processed/noisy/salt_pepper/P_00106_mass_LEFT_MLO_1-153.png,/app/data/processed/denoised/bilateral/salt_pepper_P_00106_mass_LEFT_MLO_1-153.png
P_00106,mass,LEFT,MLO,BENIGN_WITHOUT_CALLBACK,0,train,/app/data/raw/CBIS_DDSM/jpeg/1.3.6.1.4.1.9590.100.1.2.101916619211998977734958230192374913578/1-153.jpg,/app/data/processed/normalized/P_00106_mass_LEFT_MLO_1-153.png,/app/data/processed/contrast/P_00106_mass_LEFT_MLO_1-153.png,/app/data/processed/sharpened/P_00106_mass_LEFT_MLO_1-153.png,salt_pepper,non_local_means,/app/data/processed/noisy/salt_pepper/P_00106_mass_LEFT_MLO_1-153.png,/app/data/processed/denoised/non_local_means/salt_pepper_P_00106_mass_LEFT_MLO_1-153.png
P_00106,mass,LEFT,MLO,BENIGN_WITHOUT_CALLBACK,0,train,/app/data/raw/CBIS_DDSM/jpeg/1.3.6.1.4.1.9590.100.1.2.101916619211998977734958230192374913578/1-153.jpg,/app/data/processed/normalized/P_00106_mass_LEFT_MLO_1-153.png,/app/data/processed/contrast/P_00106_mass_LEFT_MLO_1-153.png,/app/data/processed/sharpened/P_00106_mass_LEFT_MLO_1-153.png,salt_pepper,anscombe_wiener,/app/data/processed/noisy/salt_pepper/P_00106_mass_LEFT_MLO_1-153.png,/app/data/processed/denoised/anscombe_wiener/salt_pepper_P_00106_mass_LEFT_MLO_1-153.png
P_00106,mass,LEFT,MLO,BENIGN_WITHOUT_CALLBACK,0,train,/app/data/raw/CBIS_DDSM/jpeg/1.3.6.1.4.1.9590.100.1.2.101916619211998977734958230192374913578/1-153.jpg,/app/data/processed/normalized/P_00106_mass_LEFT_MLO_1-153.png,/app/data/processed/contrast/P_00106_mass_LEFT_MLO_1-153.png,/app/data/processed/sharpened/P_00106_mass_LEFT_MLO_1-153.png,salt_pepper,adaptive_median,/app/data/processed/noisy/salt_pepper/P_00106_mass_LEFT_MLO_1-153.png,/app/data/processed/denoised/adaptive_median/salt_pepper_P_00106_mass_LEFT_MLO_1-153.png
P_00106,mass,LEFT,MLO,BENIGN_WITHOUT_CALLBACK,0,train,/app/data/raw/CBIS_DDSM/jpeg/1.3.6.1.4.1.9590.100.1.2.101916619211998977734958230192374913578/1-153.jpg,/app/data/processed/normalized/P_00106_mass_LEFT_MLO_1-153.png,/app/data/processed/contrast/P_00106_mass_LEFT_MLO_1-153.png,/app/data/processed/sharpened/P_00106_mass_LEFT_MLO_1-153.png,salt_pepper,kuan,/app/data/processed/noisy/salt_pepper/P_00106_mass_LEFT_MLO_1-153.png,/app/data/processed/denoised/kuan/salt_pepper_P_00106_mass_LEFT_MLO_1-153.png
P_00106,mass,LEFT,MLO,BENIGN_WITHOUT_CALLBACK,0,train,/app/data/raw/CBIS_DDSM/jpeg/1.3.6.1.4.1.9590.100.1.2.101916619211998977734958230192374913578/1-153.jpg,/app/data/processed/normalized/P_00106_mass_LEFT_MLO_1-153.png,/app/data/processed/contrast/P_00106_mass_LEFT_MLO_1-153.png,/app/data/processed/sharpened/P_00106_mass_LEFT_MLO_1-153.png,speckle,median,/app/data/processed/noisy/speckle/P_00106_mass_LEFT_MLO_1-153.png,/app/data/processed/denoised/median/speckle_P_00106_mass_LEFT_MLO_1-153.png
P_00106,mass,LEFT,MLO,BENIGN_WITHOUT_CALLBACK,0,train,/app/data/raw/CBIS_DDSM/jpeg/1.3.6.1.4.1.9590.100.1.2.101916619211998977734958230192374913578/1-153.jpg,/app/data/processed/normalized/P_00106_mass_LEFT_MLO_1-153.png,/app/data/processed/contrast/P_00106_mass_LEFT_MLO_1-153.png,/app/data/processed/sharpened/P_00106_mass_LEFT_MLO_1-153.png,speckle,gaussian,/app/data/processed/noisy/speckle/P_00106_mass_LEFT_MLO_1-153.png,/app/data/processed/denoised/gaussian/speckle_P_00106_mass_LEFT_MLO_1-153.png
P_00106,mass,LEFT,MLO,BENIGN_WITHOUT_CALLBACK,0,train,/app/data/raw/CBIS_DDSM/jpeg/1.3.6.1.4.1.9590.100.1.2.101916619211998977734958230192374913578/1-153.jpg,/app/data/processed/normalized/P_00106_mass_LEFT_MLO_1-153.png,/app/data/processed/contrast/P_00106_mass_LEFT_MLO_1-153.png,/app/data/processed/sharpened/P_00106_mass_LEFT_MLO_1-153.png,speckle,wiener,/app/data/processed/noisy/speckle/P_00106_mass_LEFT_MLO_1-153.png,/app/data/processed/denoised/wiener/speckle_P_00106_mass_LEFT_MLO_1-153.png
P_00106,mass,LEFT,MLO,BENIGN_WITHOUT_CALLBACK,0,train,/app/data/raw/CBIS_DDSM/jpeg/1.3.6.1.4.1.9590.100.1.2.101916619211998977734958230192374913578/1-153.jpg,/app/data/processed/normalized/P_00106_mass_LEFT_MLO_1-153.png,/app/data/processed/contrast/P_00106_mass_LEFT_MLO_1-153.png,/app/data/processed/sharpened/P_00106_mass_LEFT_MLO_1-153.png,speckle,bilateral,/app/data/processed/noisy/speckle/P_00106_mass_LEFT_MLO_1-153.png,/app/data/processed/denoised/bilateral/speckle_P_00106_mass_LEFT_MLO_1-153.png
P_00106,mass,LEFT,MLO,BENIGN_WITHOUT_CALLBACK,0,train,/app/data/raw/CBIS_DDSM/jpeg/1.3.6.1.4.1.9590.100.1.2.101916619211998977734958230192374913578/1-153.jpg,/app/data/processed/normalized/P_00106_mass_LEFT_MLO_1-153.png,/app/data/processed/contrast/P_00106_mass_LEFT_MLO_1-153.png,/app/data/processed/sharpened/P_00106_mass_LEFT_MLO_1-153.png,speckle,non_local_means,/app/data/processed/noisy/speckle/P_00106_mass_LEFT_MLO_1-153.png,/app/data/processed/denoised/non_local_means/speckle_P_00106_mass_LEFT_MLO_1-153.png
P_00106,mass,LEFT,MLO,BENIGN_WITHOUT_CALLBACK,0,train,/app/data/raw/CBIS_DDSM/jpeg/1.3.6.1.4.1.9590.100.1.2.101916619211998977734958230192374913578/1-153.jpg,/app/data/processed/normalized/P_00106_mass_LEFT_MLO_1-153.png,/app/data/processed/contrast/P_00106_mass_LEFT_MLO_1-153.png,/app/data/processed/sharpened/P_00106_mass_LEFT_MLO_1-153.png,speckle,anscombe_wiener,/app/data/processed/noisy/speckle/P_00106_mass_LEFT_MLO_1-153.png,/app/data/processed/denoised/anscombe_wiener/speckle_P_00106_mass_LEFT_MLO_1-153.png
P_00106,mass,LEFT,MLO,BENIGN_WITHOUT_CALLBACK,0,train,/app/data/raw/CBIS_DDSM/jpeg/1.3.6.1.4.1.9590.100.1.2.101916619211998977734958230192374913578/1-153.jpg,/app/data/processed/normalized/P_00106_mass_LEFT_MLO_1-153.png,/app/data/processed/contrast/P_00106_mass_LEFT_MLO_1-153.png,/app/data/processed/sharpened/P_00106_mass_LEFT_MLO_1-153.png,speckle,adaptive_median,/app/data/processed/noisy/speckle/P_00106_mass_LEFT_MLO_1-153.png,/app/data/processed/denoised/adaptive_median/speckle_P_00106_mass_LEFT_MLO_1-153.png
P_00106,mass,LEFT,MLO,BENIGN_WITHOUT_CALLBACK,0,train,/app/data/raw/CBIS_DDSM/jpeg/1.3.6.1.4.1.9590.100.1.2.101916619211998977734958230192374913578/1-153.jpg,/app/data/processed/normalized/P_00106_mass_LEFT_MLO_1-153.png,/app/data/processed/contrast/P_00106_mass_LEFT_MLO_1-153.png,/app/data/processed/sharpened/P_00106_mass_LEFT_MLO_1-153.png,speckle,kuan,/app/data/processed/noisy/speckle/P_00106_mass_LEFT_MLO_1-153.png,/app/data/processed/denoised/kuan/speckle_P_00106_mass_LEFT_MLO_1-153.png
P_00106,mass,LEFT,MLO,BENIGN_WITHOUT_CALLBACK,0,train,/app/data/raw/CBIS_DDSM/jpeg/1.3.6.1.4.1.9590.100.1.2.101916619211998977734958230192374913578/1-153.jpg,/app/data/processed/normalized/P_00106_mass_LEFT_MLO_1-153.png,/app/data/processed/contrast/P_00106_mass_LEFT_MLO_1-153.png,/app/data/processed/sharpened/P_00106_mass_LEFT_MLO_1-153.png,poisson,median,/app/data/processed/noisy/poisson/P_00106_mass_LEFT_MLO_1-153.png,/app/data/processed/denoised/median/poisson_P_00106_mass_LEFT_MLO_1-153.png
P_00106,mass,LEFT,MLO,BENIGN_WITHOUT_CALLBACK,0,train,/app/data/raw/CBIS_DDSM/jpeg/1.3.6.1.4.1.9590.100.1.2.101916619211998977734958230192374913578/1-153.jpg,/app/data/processed/normalized/P_00106_mass_LEFT_MLO_1-153.png,/app/data/processed/contrast/P_00106_mass_LEFT_MLO_1-153.png,/app/data/processed/sharpened/P_00106_mass_LEFT_MLO_1-153.png,poisson,gaussian,/app/data/processed/noisy/poisson/P_00106_mass_LEFT_MLO_1-153.png,/app/data/processed/denoised/gaussian/poisson_P_00106_mass_LEFT_MLO_1-153.png
P_00106,mass,LEFT,MLO,BENIGN_WITHOUT_CALLBACK,0,train,/app/data/raw/CBIS_DDSM/jpeg/1.3.6.1.4.1.9590.100.1.2.101916619211998977734958230192374913578/1-153.jpg,/app/data/processed/normalized/P_00106_mass_LEFT_MLO_1-153.png,/app/data/processed/contrast/P_00106_mass_LEFT_MLO_1-153.png,/app/data/processed/sharpened/P_00106_mass_LEFT_MLO_1-153.png,poisson,wiener,/app/data/processed/noisy/poisson/P_00106_mass_LEFT_MLO_1-153.png,/app/data/processed/denoised/wiener/poisson_P_00106_mass_LEFT_MLO_1-153.png
P_00106,mass,LEFT,MLO,BENIGN_WITHOUT_CALLBACK,0,train,/app/data/raw/CBIS_DDSM/jpeg/1.3.6.1.4.1.9590.100.1.2.101916619211998977734958230192374913578/1-153.jpg,/app/data/processed/normalized/P_00106_mass_LEFT_MLO_1-153.png,/app/data/processed/contrast/P_00106_mass_LEFT_MLO_1-153.png,/app/data/processed/sharpened/P_00106_mass_LEFT_MLO_1-153.png,poisson,bilateral,/app/data/processed/noisy/poisson/P_00106_mass_LEFT_MLO_1-153.png,/app/data/processed/denoised/bilateral/poisson_P_00106_mass_LEFT_MLO_1-153.png
P_00106,mass,LEFT,MLO,BENIGN_WITHOUT_CALLBACK,0,train,/app/data/raw/CBIS_DDSM/jpeg/1.3.6.1.4.1.9590.100.1.2.101916619211998977734958230192374913578/1-153.jpg,/app/data/processed/normalized/P_00106_mass_LEFT_MLO_1-153.png,/app/data/processed/contrast/P_00106_mass_LEFT_MLO_1-153.png,/app/data/processed/sharpened/P_00106_mass_LEFT_MLO_1-153.png,poisson,non_local_means,/app/data/processed/noisy/poisson/P_00106_mass_LEFT_MLO_1-153.png,/app/data/processed/denoised/non_local_means/poisson_P_00106_mass_LEFT_MLO_1-153.png
P_00106,mass,LEFT,MLO,BENIGN_WITHOUT_CALLBACK,0,train,/app/data/raw/CBIS_DDSM/jpeg/1.3.6.1.4.1.9590.100.1.2.101916619211998977734958230192374913578/1-153.jpg,/app/data/processed/normalized/P_00106_mass_LEFT_MLO_1-153.png,/app/data/processed/contrast/P_00106_mass_LEFT_MLO_1-153.png,/app/data/processed/sharpened/P_00106_mass_LEFT_MLO_1-153.png,poisson,anscombe_wiener,/app/data/processed/noisy/poisson/P_00106_mass_LEFT_MLO_1-153.png,/app/data/processed/denoised/anscombe_wiener/poisson_P_00106_mass_LEFT_MLO_1-153.png
P_00106,mass,LEFT,MLO,BENIGN_WITHOUT_CALLBACK,0,train,/app/data/raw/CBIS_DDSM/jpeg/1.3.6.1.4.1.9590.100.1.2.101916619211998977734958230192374913578/1-153.jpg,/app/data/processed/normalized/P_00106_mass_LEFT_MLO_1-153.png,/app/data/processed/contrast/P_00106_mass_LEFT_MLO_1-153.png,/app/data/processed/sharpened/P_00106_mass_LEFT_MLO_1-153.png,poisson,adaptive_median,/app/data/processed/noisy/poisson/P_00106_mass_LEFT_MLO_1-153.png,/app/data/processed/denoised/adaptive_median/poisson_P_00106_mass_LEFT_MLO_1-153.png
P_00106,mass,LEFT,MLO,BENIGN_WITHOUT_CALLBACK,0,train,/app/data/raw/CBIS_DDSM/jpeg/1.3.6.1.4.1.9590.100.1.2.101916619211998977734958230192374913578/1-153.jpg,/app/data/processed/normalized/P_00106_mass_LEFT_MLO_1-153.png,/app/data/processed/contrast/P_00106_mass_LEFT_MLO_1-153.png,/app/data/processed/sharpened/P_00106_mass_LEFT_MLO_1-153.png,poisson,kuan,/app/data/processed/noisy/poisson/P_00106_mass_LEFT_MLO_1-153.png,/app/data/processed/denoised/kuan/poisson_P_00106_mass_LEFT_MLO_1-153.png
P_00106,mass,LEFT,MLO,BENIGN_WITHOUT_CALLBACK,0,train,/app/data/raw/CBIS_DDSM/jpeg/1.3.6.1.4.1.9590.100.1.2.101916619211998977734958230192374913578/1-153.jpg,/app/data/processed/normalized/P_00106_mass_LEFT_MLO_1-153.png,/app/data/processed/contrast/P_00106_mass_LEFT_MLO_1-153.png,/app/data/processed/sharpened/P_00106_mass_LEFT_MLO_1-153.png,mixed_poisson_gaussian,median,/app/data/processed/noisy/mixed_poisson_gaussian/P_00106_mass_LEFT_MLO_1-153.png,/app/data/processed/denoised/median/mixed_poisson_gaussian_P_00106_mass_LEFT_MLO_1-153.png
P_00106,mass,LEFT,MLO,BENIGN_WITHOUT_CALLBACK,0,train,/app/data/raw/CBIS_DDSM/jpeg/1.3.6.1.4.1.9590.100.1.2.101916619211998977734958230192374913578/1-153.jpg,/app/data/processed/normalized/P_00106_mass_LEFT_MLO_1-153.png,/app/data/processed/contrast/P_00106_mass_LEFT_MLO_1-153.png,/app/data/processed/sharpened/P_00106_mass_LEFT_MLO_1-153.png,mixed_poisson_gaussian,gaussian,/app/data/processed/noisy/mixed_poisson_gaussian/P_00106_mass_LEFT_MLO_1-153.png,/app/data/processed/denoised/gaussian/mixed_poisson_gaussian_P_00106_mass_LEFT_MLO_1-153.png
P_00106,mass,LEFT,MLO,BENIGN_WITHOUT_CALLBACK,0,train,/app/data/raw/CBIS_DDSM/jpeg/1.3.6.1.4.1.9590.100.1.2.101916619211998977734958230192374913578/1-153.jpg,/app/data/processed/normalized/P_00106_mass_LEFT_MLO_1-153.png,/app/data/processed/contrast/P_00106_mass_LEFT_MLO_1-153.png,/app/data/processed/sharpened/P_00106_mass_LEFT_MLO_1-153.png,mixed_poisson_gaussian,wiener,/app/data/processed/noisy/mixed_poisson_gaussian/P_00106_mass_LEFT_MLO_1-153.png,/app/data/processed/denoised/wiener/mixed_poisson_gaussian_P_00106_mass_LEFT_MLO_1-153.png
P_00106,mass,LEFT,MLO,BENIGN_WITHOUT_CALLBACK,0,train,/app/data/raw/CBIS_DDSM/jpeg/1.3.6.1.4.1.9590.100.1.2.101916619211998977734958230192374913578/1-153.jpg,/app/data/processed/normalized/P_00106_mass_LEFT_MLO_1-153.png,/app/data/processed/contrast/P_00106_mass_LEFT_MLO_1-153.png,/app/data/processed/sharpened/P_00106_mass_LEFT_MLO_1-153.png,mixed_poisson_gaussian,bilateral,/app/data/processed/noisy/mixed_poisson_gaussian/P_00106_mass_LEFT_MLO_1-153.png,/app/data/processed/denoised/bilateral/mixed_poisson_gaussian_P_00106_mass_LEFT_MLO_1-153.png
P_00106,mass,LEFT,MLO,BENIGN_WITHOUT_CALLBACK,0,train,/app/data/raw/CBIS_DDSM/jpeg/1.3.6.1.4.1.9590.100.1.2.101916619211998977734958230192374913578/1-153.jpg,/app/data/processed/normalized/P_00106_mass_LEFT_MLO_1-153.png,/app/data/processed/contrast/P_00106_mass_LEFT_MLO_1-153.png,/app/data/processed/sharpened/P_00106_mass_LEFT_MLO_1-153.png,mixed_poisson_gaussian,non_local_means,/app/data/processed/noisy/mixed_poisson_gaussian/P_00106_mass_LEFT_MLO_1-153.png,/app/data/processed/denoised/non_local_means/mixed_poisson_gaussian_P_00106_mass_LEFT_MLO_1-153.png
P_00106,mass,LEFT,MLO,BENIGN_WITHOUT_CALLBACK,0,train,/app/data/raw/CBIS_DDSM/jpeg/1.3.6.1.4.1.9590.100.1.2.101916619211998977734958230192374913578/1-153.jpg,/app/data/processed/normalized/P_00106_mass_LEFT_MLO_1-153.png,/app/data/processed/contrast/P_00106_mass_LEFT_MLO_1-153.png,/app/data/processed/sharpened/P_00106_mass_LEFT_MLO_1-153.png,mixed_poisson_gaussian,anscombe_wiener,/app/data/processed/noisy/mixed_poisson_gaussian/P_00106_mass_LEFT_MLO_1-153.png,/app/data/processed/denoised/anscombe_wiener/mixed_poisson_gaussian_P_00106_mass_LEFT_MLO_1-153.png
P_00106,mass,LEFT,MLO,BENIGN_WITHOUT_CALLBACK,0,train,/app/data/raw/CBIS_DDSM/jpeg/1.3.6.1.4.1.9590.100.1.2.101916619211998977734958230192374913578/1-153.jpg,/app/data/processed/normalized/P_00106_mass_LEFT_MLO_1-153.png,/app/data/processed/contrast/P_00106_mass_LEFT_MLO_1-153.png,/app/data/processed/sharpened/P_00106_mass_LEFT_MLO_1-153.png,mixed_poisson_gaussian,adaptive_median,/app/data/processed/noisy/mixed_poisson_gaussian/P_00106_mass_LEFT_MLO_1-153.png,/app/data/processed/denoised/adaptive_median/mixed_poisson_gaussian_P_00106_mass_LEFT_MLO_1-153.png
P_00106,mass,LEFT,MLO,BENIGN_WITHOUT_CALLBACK,0,train,/app/data/raw/CBIS_DDSM/jpeg/1.3.6.1.4.1.9590.100.1.2.101916619211998977734958230192374913578/1-153.jpg,/app/data/processed/normalized/P_00106_mass_LEFT_MLO_1-153.png,/app/data/processed/contrast/P_00106_mass_LEFT_MLO_1-153.png,/app/data/processed/sharpened/P_00106_mass_LEFT_MLO_1-153.png,mixed_poisson_gaussian,kuan,/app/data/processed/noisy/mixed_poisson_gaussian/P_00106_mass_LEFT_MLO_1-153.png,/app/data/processed/denoised/kuan/mixed_poisson_gaussian_P_00106_mass_LEFT_MLO_1-153.png
P_00106,mass,RIGHT,MLO,BENIGN_WITHOUT_CALLBACK,0,train,/app/data/raw/CBIS_DDSM/jpeg/1.3.6.1.4.1.9590.100.1.2.10098093912338239901459163343317187533/1-285.jpg,/app/data/processed/normalized/P_00106_mass_RIGHT_MLO_1-285.png,/app/data/processed/contrast/P_00106_mass_RIGHT_MLO_1-285.png,/app/data/processed/sharpened/P_00106_mass_RIGHT_MLO_1-285.png,gaussian,median,/app/data/processed/noisy/gaussian/P_00106_mass_RIGHT_MLO_1-285.png,/app/data/processed/denoised/median/gaussian_P_00106_mass_RIGHT_MLO_1-285.png
P_00106,mass,RIGHT,MLO,BENIGN_WITHOUT_CALLBACK,0,train,/app/data/raw/CBIS_DDSM/jpeg/1.3.6.1.4.1.9590.100.1.2.10098093912338239901459163343317187533/1-285.jpg,/app/data/processed/normalized/P_00106_mass_RIGHT_MLO_1-285.png,/app/data/processed/contrast/P_00106_mass_RIGHT_MLO_1-285.png,/app/data/processed/sharpened/P_00106_mass_RIGHT_MLO_1-285.png,gaussian,gaussian,/app/data/processed/noisy/gaussian/P_00106_mass_RIGHT_MLO_1-285.png,/app/data/processed/denoised/gaussian/gaussian_P_00106_mass_RIGHT_MLO_1-285.png
P_00106,mass,RIGHT,MLO,BENIGN_WITHOUT_CALLBACK,0,train,/app/data/raw/CBIS_DDSM/jpeg/1.3.6.1.4.1.9590.100.1.2.10098093912338239901459163343317187533/1-285.jpg,/app/data/processed/normalized/P_00106_mass_RIGHT_MLO_1-285.png,/app/data/processed/contrast/P_00106_mass_RIGHT_MLO_1-285.png,/app/data/processed/sharpened/P_00106_mass_RIGHT_MLO_1-285.png,gaussian,wiener,/app/data/processed/noisy/gaussian/P_00106_mass_RIGHT_MLO_1-285.png,/app/data/processed/denoised/wiener/gaussian_P_00106_mass_RIGHT_MLO_1-285.png
P_00106,mass,RIGHT,MLO,BENIGN_WITHOUT_CALLBACK,0,train,/app/data/raw/CBIS_DDSM/jpeg/1.3.6.1.4.1.9590.100.1.2.10098093912338239901459163343317187533/1-285.jpg,/app/data/processed/normalized/P_00106_mass_RIGHT_MLO_1-285.png,/app/data/processed/contrast/P_00106_mass_RIGHT_MLO_1-285.png,/app/data/processed/sharpened/P_00106_mass_RIGHT_MLO_1-285.png,gaussian,bilateral,/app/data/processed/noisy/gaussian/P_00106_mass_RIGHT_MLO_1-285.png,/app/data/processed/denoised/bilateral/gaussian_P_00106_mass_RIGHT_MLO_1-285.png
P_00106,mass,RIGHT,MLO,BENIGN_WITHOUT_CALLBACK,0,train,/app/data/raw/CBIS_DDSM/jpeg/1.3.6.1.4.1.9590.100.1.2.10098093912338239901459163343317187533/1-285.jpg,/app/data/processed/normalized/P_00106_mass_RIGHT_MLO_1-285.png,/app/data/processed/contrast/P_00106_mass_RIGHT_MLO_1-285.png,/app/data/processed/sharpened/P_00106_mass_RIGHT_MLO_1-285.png,gaussian,non_local_means,/app/data/processed/noisy/gaussian/P_00106_mass_RIGHT_MLO_1-285.png,/app/data/processed/denoised/non_local_means/gaussian_P_00106_mass_RIGHT_MLO_1-285.png
P_00106,mass,RIGHT,MLO,BENIGN_WITHOUT_CALLBACK,0,train,/app/data/raw/CBIS_DDSM/jpeg/1.3.6.1.4.1.9590.100.1.2.10098093912338239901459163343317187533/1-285.jpg,/app/data/processed/normalized/P_00106_mass_RIGHT_MLO_1-285.png,/app/data/processed/contrast/P_00106_mass_RIGHT_MLO_1-285.png,/app/data/processed/sharpened/P_00106_mass_RIGHT_MLO_1-285.png,gaussian,anscombe_wiener,/app/data/processed/noisy/gaussian/P_00106_mass_RIGHT_MLO_1-285.png,/app/data/processed/denoised/anscombe_wiener/gaussian_P_00106_mass_RIGHT_MLO_1-285.png
P_00106,mass,RIGHT,MLO,BENIGN_WITHOUT_CALLBACK,0,train,/app/data/raw/CBIS_DDSM/jpeg/1.3.6.1.4.1.9590.100.1.2.10098093912338239901459163343317187533/1-285.jpg,/app/data/processed/normalized/P_00106_mass_RIGHT_MLO_1-285.png,/app/data/processed/contrast/P_00106_mass_RIGHT_MLO_1-285.png,/app/data/processed/sharpened/P_00106_mass_RIGHT_MLO_1-285.png,gaussian,adaptive_median,/app/data/processed/noisy/gaussian/P_00106_mass_RIGHT_MLO_1-285.png,/app/data/processed/denoised/adaptive_median/gaussian_P_00106_mass_RIGHT_MLO_1-285.png
P_00106,mass,RIGHT,MLO,BENIGN_WITHOUT_CALLBACK,0,train,/app/data/raw/CBIS_DDSM/jpeg/1.3.6.1.4.1.9590.100.1.2.10098093912338239901459163343317187533/1-285.jpg,/app/data/processed/normalized/P_00106_mass_RIGHT_MLO_1-285.png,/app/data/processed/contrast/P_00106_mass_RIGHT_MLO_1-285.png,/app/data/processed/sharpened/P_00106_mass_RIGHT_MLO_1-285.png,gaussian,kuan,/app/data/processed/noisy/gaussian/P_00106_mass_RIGHT_MLO_1-285.png,/app/data/processed/denoised/kuan/gaussian_P_00106_mass_RIGHT_MLO_1-285.png
P_00106,mass,RIGHT,MLO,BENIGN_WITHOUT_CALLBACK,0,train,/app/data/raw/CBIS_DDSM/jpeg/1.3.6.1.4.1.9590.100.1.2.10098093912338239901459163343317187533/1-285.jpg,/app/data/processed/normalized/P_00106_mass_RIGHT_MLO_1-285.png,/app/data/processed/contrast/P_00106_mass_RIGHT_MLO_1-285.png,/app/data/processed/sharpened/P_00106_mass_RIGHT_MLO_1-285.png,salt_pepper,median,/app/data/processed/noisy/salt_pepper/P_00106_mass_RIGHT_MLO_1-285.png,/app/data/processed/denoised/median/salt_pepper_P_00106_mass_RIGHT_MLO_1-285.png
P_00106,mass,RIGHT,MLO,BENIGN_WITHOUT_CALLBACK,0,train,/app/data/raw/CBIS_DDSM/jpeg/1.3.6.1.4.1.9590.100.1.2.10098093912338239901459163343317187533/1-285.jpg,/app/data/processed/normalized/P_00106_mass_RIGHT_MLO_1-285.png,/app/data/processed/contrast/P_00106_mass_RIGHT_MLO_1-285.png,/app/data/processed/sharpened/P_00106_mass_RIGHT_MLO_1-285.png,salt_pepper,gaussian,/app/data/processed/noisy/salt_pepper/P_00106_mass_RIGHT_MLO_1-285.png,/app/data/processed/denoised/gaussian/salt_pepper_P_00106_mass_RIGHT_MLO_1-285.png
P_00106,mass,RIGHT,MLO,BENIGN_WITHOUT_CALLBACK,0,train,/app/data/raw/CBIS_DDSM/jpeg/1.3.6.1.4.1.9590.100.1.2.10098093912338239901459163343317187533/1-285.jpg,/app/data/processed/normalized/P_00106_mass_RIGHT_MLO_1-285.png,/app/data/processed/contrast/P_00106_mass_RIGHT_MLO_1-285.png,/app/data/processed/sharpened/P_00106_mass_RIGHT_MLO_1-285.png,salt_pepper,wiener,/app/data/processed/noisy/salt_pepper/P_00106_mass_RIGHT_MLO_1-285.png,/app/data/processed/denoised/wiener/salt_pepper_P_00106_mass_RIGHT_MLO_1-285.png
P_00106,mass,RIGHT,MLO,BENIGN_WITHOUT_CALLBACK,0,train,/app/data/raw/CBIS_DDSM/jpeg/1.3.6.1.4.1.9590.100.1.2.10098093912338239901459163343317187533/1-285.jpg,/app/data/processed/normalized/P_00106_mass_RIGHT_MLO_1-285.png,/app/data/processed/contrast/P_00106_mass_RIGHT_MLO_1-285.png,/app/data/processed/sharpened/P_00106_mass_RIGHT_MLO_1-285.png,salt_pepper,bilateral,/app/data/processed/noisy/salt_pepper/P_00106_mass_RIGHT_MLO_1-285.png,/app/data/processed/denoised/bilateral/salt_pepper_P_00106_mass_RIGHT_MLO_1-285.png
P_00106,mass,RIGHT,MLO,BENIGN_WITHOUT_CALLBACK,0,train,/app/data/raw/CBIS_DDSM/jpeg/1.3.6.1.4.1.9590.100.1.2.10098093912338239901459163343317187533/1-285.jpg,/app/data/processed/normalized/P_00106_mass_RIGHT_MLO_1-285.png,/app/data/processed/contrast/P_00106_mass_RIGHT_MLO_1-285.png,/app/data/processed/sharpened/P_00106_mass_RIGHT_MLO_1-285.png,salt_pepper,non_local_means,/app/data/processed/noisy/salt_pepper/P_00106_mass_RIGHT_MLO_1-285.png,/app/data/processed/denoised/non_local_means/salt_pepper_P_00106_mass_RIGHT_MLO_1-285.png
P_00106,mass,RIGHT,MLO,BENIGN_WITHOUT_CALLBACK,0,train,/app/data/raw/CBIS_DDSM/jpeg/1.3.6.1.4.1.9590.100.1.2.10098093912338239901459163343317187533/1-285.jpg,/app/data/processed/normalized/P_00106_mass_RIGHT_MLO_1-285.png,/app/data/processed/contrast/P_00106_mass_RIGHT_MLO_1-285.png,/app/data/processed/sharpened/P_00106_mass_RIGHT_MLO_1-285.png,salt_pepper,anscombe_wiener,/app/data/processed/noisy/salt_pepper/P_00106_mass_RIGHT_MLO_1-285.png,/app/data/processed/denoised/anscombe_wiener/salt_pepper_P_00106_mass_RIGHT_MLO_1-285.png
P_00106,mass,RIGHT,MLO,BENIGN_WITHOUT_CALLBACK,0,train,/app/data/raw/CBIS_DDSM/jpeg/1.3.6.1.4.1.9590.100.1.2.10098093912338239901459163343317187533/1-285.jpg,/app/data/processed/normalized/P_00106_mass_RIGHT_MLO_1-285.png,/app/data/processed/contrast/P_00106_mass_RIGHT_MLO_1-285.png,/app/data/processed/sharpened/P_00106_mass_RIGHT_MLO_1-285.png,salt_pepper,adaptive_median,/app/data/processed/noisy/salt_pepper/P_00106_mass_RIGHT_MLO_1-285.png,/app/data/processed/denoised/adaptive_median/salt_pepper_P_00106_mass_RIGHT_MLO_1-285.png
P_00106,mass,RIGHT,MLO,BENIGN_WITHOUT_CALLBACK,0,train,/app/data/raw/CBIS_DDSM/jpeg/1.3.6.1.4.1.9590.100.1.2.10098093912338239901459163343317187533/1-285.jpg,/app/data/processed/normalized/P_00106_mass_RIGHT_MLO_1-285.png,/app/data/processed/contrast/P_00106_mass_RIGHT_MLO_1-285.png,/app/data/processed/sharpened/P_00106_mass_RIGHT_MLO_1-285.png,salt_pepper,kuan,/app/data/processed/noisy/salt_pepper/P_00106_mass_RIGHT_MLO_1-285.png,/app/data/processed/denoised/kuan/salt_pepper_P_00106_mass_RIGHT_MLO_1-285.png
P_00106,mass,RIGHT,MLO,BENIGN_WITHOUT_CALLBACK,0,train,/app/data/raw/CBIS_DDSM/jpeg/1.3.6.1.4.1.9590.100.1.2.10098093912338239901459163343317187533/1-285.jpg,/app/data/processed/normalized/P_00106_mass_RIGHT_MLO_1-285.png,/app/data/processed/contrast/P_00106_mass_RIGHT_MLO_1-285.png,/app/data/processed/sharpened/P_00106_mass_RIGHT_MLO_1-285.png,speckle,median,/app/data/processed/noisy/speckle/P_00106_mass_RIGHT_MLO_1-285.png,/app/data/processed/denoised/median/speckle_P_00106_mass_RIGHT_MLO_1-285.png
P_00106,mass,RIGHT,MLO,BENIGN_WITHOUT_CALLBACK,0,train,/app/data/raw/CBIS_DDSM/jpeg/1.3.6.1.4.1.9590.100.1.2.10098093912338239901459163343317187533/1-285.jpg,/app/data/processed/normalized/P_00106_mass_RIGHT_MLO_1-285.png,/app/data/processed/contrast/P_00106_mass_RIGHT_MLO_1-285.png,/app/data/processed/sharpened/P_00106_mass_RIGHT_MLO_1-285.png,speckle,gaussian,/app/data/processed/noisy/speckle/P_00106_mass_RIGHT_MLO_1-285.png,/app/data/processed/denoised/gaussian/speckle_P_00106_mass_RIGHT_MLO_1-285.png
P_00106,mass,RIGHT,MLO,BENIGN_WITHOUT_CALLBACK,0,train,/app/data/raw/CBIS_DDSM/jpeg/1.3.6.1.4.1.9590.100.1.2.10098093912338239901459163343317187533/1-285.jpg,/app/data/processed/normalized/P_00106_mass_RIGHT_MLO_1-285.png,/app/data/processed/contrast/P_00106_mass_RIGHT_MLO_1-285.png,/app/data/processed/sharpened/P_00106_mass_RIGHT_MLO_1-285.png,speckle,wiener,/app/data/processed/noisy/speckle/P_00106_mass_RIGHT_MLO_1-285.png,/app/data/processed/denoised/wiener/speckle_P_00106_mass_RIGHT_MLO_1-285.png
P_00106,mass,RIGHT,MLO,BENIGN_WITHOUT_CALLBACK,0,train,/app/data/raw/CBIS_DDSM/jpeg/1.3.6.1.4.1.9590.100.1.2.10098093912338239901459163343317187533/1-285.jpg,/app/data/processed/normalized/P_00106_mass_RIGHT_MLO_1-285.png,/app/data/processed/contrast/P_00106_mass_RIGHT_MLO_1-285.png,/app/data/processed/sharpened/P_00106_mass_RIGHT_MLO_1-285.png,speckle,bilateral,/app/data/processed/noisy/speckle/P_00106_mass_RIGHT_MLO_1-285.png,/app/data/processed/denoised/bilateral/speckle_P_00106_mass_RIGHT_MLO_1-285.png
P_00106,mass,RIGHT,MLO,BENIGN_WITHOUT_CALLBACK,0,train,/app/data/raw/CBIS_DDSM/jpeg/1.3.6.1.4.1.9590.100.1.2.10098093912338239901459163343317187533/1-285.jpg,/app/data/processed/normalized/P_00106_mass_RIGHT_MLO_1-285.png,/app/data/processed/contrast/P_00106_mass_RIGHT_MLO_1-285.png,/app/data/processed/sharpened/P_00106_mass_RIGHT_MLO_1-285.png,speckle,non_local_means,/app/data/processed/noisy/speckle/P_00106_mass_RIGHT_MLO_1-285.png,/app/data/processed/denoised/non_local_means/speckle_P_00106_mass_RIGHT_MLO_1-285.png
P_00106,mass,RIGHT,MLO,BENIGN_WITHOUT_CALLBACK,0,train,/app/data/raw/CBIS_DDSM/jpeg/1.3.6.1.4.1.9590.100.1.2.10098093912338239901459163343317187533/1-285.jpg,/app/data/processed/normalized/P_00106_mass_RIGHT_MLO_1-285.png,/app/data/processed/contrast/P_00106_mass_RIGHT_MLO_1-285.png,/app/data/processed/sharpened/P_00106_mass_RIGHT_MLO_1-285.png,speckle,anscombe_wiener,/app/data/processed/noisy/speckle/P_00106_mass_RIGHT_MLO_1-285.png,/app/data/processed/denoised/anscombe_wiener/speckle_P_00106_mass_RIGHT_MLO_1-285.png
P_00106,mass,RIGHT,MLO,BENIGN_WITHOUT_CALLBACK,0,train,/app/data/raw/CBIS_DDSM/jpeg/1.3.6.1.4.1.9590.100.1.2.10098093912338239901459163343317187533/1-285.jpg,/app/data/processed/normalized/P_00106_mass_RIGHT_MLO_1-285.png,/app/data/processed/contrast/P_00106_mass_RIGHT_MLO_1-285.png,/app/data/processed/sharpened/P_00106_mass_RIGHT_MLO_1-285.png,speckle,adaptive_median,/app/data/processed/noisy/speckle/P_00106_mass_RIGHT_MLO_1-285.png,/app/data/processed/denoised/adaptive_median/speckle_P_00106_mass_RIGHT_MLO_1-285.png
P_00106,mass,RIGHT,MLO,BENIGN_WITHOUT_CALLBACK,0,train,/app/data/raw/CBIS_DDSM/jpeg/1.3.6.1.4.1.9590.100.1.2.10098093912338239901459163343317187533/1-285.jpg,/app/data/processed/normalized/P_00106_mass_RIGHT_MLO_1-285.png,/app/data/processed/contrast/P_00106_mass_RIGHT_MLO_1-285.png,/app/data/processed/sharpened/P_00106_mass_RIGHT_MLO_1-285.png,speckle,kuan,/app/data/processed/noisy/speckle/P_00106_mass_RIGHT_MLO_1-285.png,/app/data/processed/denoised/kuan/speckle_P_00106_mass_RIGHT_MLO_1-285.png
P_00106,mass,RIGHT,MLO,BENIGN_WITHOUT_CALLBACK,0,train,/app/data/raw/CBIS_DDSM/jpeg/1.3.6.1.4.1.9590.100.1.2.10098093912338239901459163343317187533/1-285.jpg,/app/data/processed/normalized/P_00106_mass_RIGHT_MLO_1-285.png,/app/data/processed/contrast/P_00106_mass_RIGHT_MLO_1-285.png,/app/data/processed/sharpened/P_00106_mass_RIGHT_MLO_1-285.png,poisson,median,/app/data/processed/noisy/poisson/P_00106_mass_RIGHT_MLO_1-285.png,/app/data/processed/denoised/median/poisson_P_00106_mass_RIGHT_MLO_1-285.png
P_00106,mass,RIGHT,MLO,BENIGN_WITHOUT_CALLBACK,0,train,/app/data/raw/CBIS_DDSM/jpeg/1.3.6.1.4.1.9590.100.1.2.10098093912338239901459163343317187533/1-285.jpg,/app/data/processed/normalized/P_00106_mass_RIGHT_MLO_1-285.png,/app/data/processed/contrast/P_00106_mass_RIGHT_MLO_1-285.png,/app/data/processed/sharpened/P_00106_mass_RIGHT_MLO_1-285.png,poisson,gaussian,/app/data/processed/noisy/poisson/P_00106_mass_RIGHT_MLO_1-285.png,/app/data/processed/denoised/gaussian/poisson_P_00106_mass_RIGHT_MLO_1-285.png
P_00106,mass,RIGHT,MLO,BENIGN_WITHOUT_CALLBACK,0,train,/app/data/raw/CBIS_DDSM/jpeg/1.3.6.1.4.1.9590.100.1.2.10098093912338239901459163343317187533/1-285.jpg,/app/data/processed/normalized/P_00106_mass_RIGHT_MLO_1-285.png,/app/data/processed/contrast/P_00106_mass_RIGHT_MLO_1-285.png,/app/data/processed/sharpened/P_00106_mass_RIGHT_MLO_1-285.png,poisson,wiener,/app/data/processed/noisy/poisson/P_00106_mass_RIGHT_MLO_1-285.png,/app/data/processed/denoised/wiener/poisson_P_00106_mass_RIGHT_MLO_1-285.png
P_00106,mass,RIGHT,MLO,BENIGN_WITHOUT_CALLBACK,0,train,/app/data/raw/CBIS_DDSM/jpeg/1.3.6.1.4.1.9590.100.1.2.10098093912338239901459163343317187533/1-285.jpg,/app/data/processed/normalized/P_00106_mass_RIGHT_MLO_1-285.png,/app/data/processed/contrast/P_00106_mass_RIGHT_MLO_1-285.png,/app/data/processed/sharpened/P_00106_mass_RIGHT_MLO_1-285.png,poisson,bilateral,/app/data/processed/noisy/poisson/P_00106_mass_RIGHT_MLO_1-285.png,/app/data/processed/denoised/bilateral/poisson_P_00106_mass_RIGHT_MLO_1-285.png
P_00106,mass,RIGHT,MLO,BENIGN_WITHOUT_CALLBACK,0,train,/app/data/raw/CBIS_DDSM/jpeg/1.3.6.1.4.1.9590.100.1.2.10098093912338239901459163343317187533/1-285.jpg,/app/data/processed/normalized/P_00106_mass_RIGHT_MLO_1-285.png,/app/data/processed/contrast/P_00106_mass_RIGHT_MLO_1-285.png,/app/data/processed/sharpened/P_00106_mass_RIGHT_MLO_1-285.png,poisson,non_local_means,/app/data/processed/noisy/poisson/P_00106_mass_RIGHT_MLO_1-285.png,/app/data/processed/denoised/non_local_means/poisson_P_00106_mass_RIGHT_MLO_1-285.png
P_00106,mass,RIGHT,MLO,BENIGN_WITHOUT_CALLBACK,0,train,/app/data/raw/CBIS_DDSM/jpeg/1.3.6.1.4.1.9590.100.1.2.10098093912338239901459163343317187533/1-285.jpg,/app/data/processed/normalized/P_00106_mass_RIGHT_MLO_1-285.png,/app/data/processed/contrast/P_00106_mass_RIGHT_MLO_1-285.png,/app/data/processed/sharpened/P_00106_mass_RIGHT_MLO_1-285.png,poisson,anscombe_wiener,/app/data/processed/noisy/poisson/P_00106_mass_RIGHT_MLO_1-285.png,/app/data/processed/denoised/anscombe_wiener/poisson_P_00106_mass_RIGHT_MLO_1-285.png
P_00106,mass,RIGHT,MLO,BENIGN_WITHOUT_CALLBACK,0,train,/app/data/raw/CBIS_DDSM/jpeg/1.3.6.1.4.1.9590.100.1.2.10098093912338239901459163343317187533/1-285.jpg,/app/data/processed/normalized/P_00106_mass_RIGHT_MLO_1-285.png,/app/data/processed/contrast/P_00106_mass_RIGHT_MLO_1-285.png,/app/data/processed/sharpened/P_00106_mass_RIGHT_MLO_1-285.png,poisson,adaptive_median,/app/data/processed/noisy/poisson/P_00106_mass_RIGHT_MLO_1-285.png,/app/data/processed/denoised/adaptive_median/poisson_P_00106_mass_RIGHT_MLO_1-285.png
P_00106,mass,RIGHT,MLO,BENIGN_WITHOUT_CALLBACK,0,train,/app/data/raw/CBIS_DDSM/jpeg/1.3.6.1.4.1.9590.100.1.2.10098093912338239901459163343317187533/1-285.jpg,/app/data/processed/normalized/P_00106_mass_RIGHT_MLO_1-285.png,/app/data/processed/contrast/P_00106_mass_RIGHT_MLO_1-285.png,/app/data/processed/sharpened/P_00106_mass_RIGHT_MLO_1-285.png,poisson,kuan,/app/data/processed/noisy/poisson/P_00106_mass_RIGHT_MLO_1-285.png,/app/data/processed/denoised/kuan/poisson_P_00106_mass_RIGHT_MLO_1-285.png
P_00106,mass,RIGHT,MLO,BENIGN_WITHOUT_CALLBACK,0,train,/app/data/raw/CBIS_DDSM/jpeg/1.3.6.1.4.1.9590.100.1.2.10098093912338239901459163343317187533/1-285.jpg,/app/data/processed/normalized/P_00106_mass_RIGHT_MLO_1-285.png,/app/data/processed/contrast/P_00106_mass_RIGHT_MLO_1-285.png,/app/data/processed/sharpened/P_00106_mass_RIGHT_MLO_1-285.png,mixed_poisson_gaussian,median,/app/data/processed/noisy/mixed_poisson_gaussian/P_00106_mass_RIGHT_MLO_1-285.png,/app/data/processed/denoised/median/mixed_poisson_gaussian_P_00106_mass_RIGHT_MLO_1-285.png
P_00106,mass,RIGHT,MLO,BENIGN_WITHOUT_CALLBACK,0,train,/app/data/raw/CBIS_DDSM/jpeg/1.3.6.1.4.1.9590.100.1.2.10098093912338239901459163343317187533/1-285.jpg,/app/data/processed/normalized/P_00106_mass_RIGHT_MLO_1-285.png,/app/data/processed/contrast/P_00106_mass_RIGHT_MLO_1-285.png,/app/data/processed/sharpened/P_00106_mass_RIGHT_MLO_1-285.png,mixed_poisson_gaussian,gaussian,/app/data/processed/noisy/mixed_poisson_gaussian/P_00106_mass_RIGHT_MLO_1-285.png,/app/data/processed/denoised/gaussian/mixed_poisson_gaussian_P_00106_mass_RIGHT_MLO_1-285.png
P_00106,mass,RIGHT,MLO,BENIGN_WITHOUT_CALLBACK,0,train,/app/data/raw/CBIS_DDSM/jpeg/1.3.6.1.4.1.9590.100.1.2.10098093912338239901459163343317187533/1-285.jpg,/app/data/processed/normalized/P_00106_mass_RIGHT_MLO_1-285.png,/app/data/processed/contrast/P_00106_mass_RIGHT_MLO_1-285.png,/app/data/processed/sharpened/P_00106_mass_RIGHT_MLO_1-285.png,mixed_poisson_gaussian,wiener,/app/data/processed/noisy/mixed_poisson_gaussian/P_00106_mass_RIGHT_MLO_1-285.png,/app/data/processed/denoised/wiener/mixed_poisson_gaussian_P_00106_mass_RIGHT_MLO_1-285.png
P_00106,mass,RIGHT,MLO,BENIGN_WITHOUT_CALLBACK,0,train,/app/data/raw/CBIS_DDSM/jpeg/1.3.6.1.4.1.9590.100.1.2.10098093912338239901459163343317187533/1-285.jpg,/app/data/processed/normalized/P_00106_mass_RIGHT_MLO_1-285.png,/app/data/processed/contrast/P_00106_mass_RIGHT_MLO_1-285.png,/app/data/processed/sharpened/P_00106_mass_RIGHT_MLO_1-285.png,mixed_poisson_gaussian,bilateral,/app/data/processed/noisy/mixed_poisson_gaussian/P_00106_mass_RIGHT_MLO_1-285.png,/app/data/processed/denoised/bilateral/mixed_poisson_gaussian_P_00106_mass_RIGHT_MLO_1-285.png
P_00106,mass,RIGHT,MLO,BENIGN_WITHOUT_CALLBACK,0,train,/app/data/raw/CBIS_DDSM/jpeg/1.3.6.1.4.1.9590.100.1.2.10098093912338239901459163343317187533/1-285.jpg,/app/data/processed/normalized/P_00106_mass_RIGHT_MLO_1-285.png,/app/data/processed/contrast/P_00106_mass_RIGHT_MLO_1-285.png,/app/data/processed/sharpened/P_00106_mass_RIGHT_MLO_1-285.png,mixed_poisson_gaussian,non_local_means,/app/data/processed/noisy/mixed_poisson_gaussian/P_00106_mass_RIGHT_MLO_1-285.png,/app/data/processed/denoised/non_local_means/mixed_poisson_gaussian_P_00106_mass_RIGHT_MLO_1-285.png
P_00106,mass,RIGHT,MLO,BENIGN_WITHOUT_CALLBACK,0,train,/app/data/raw/CBIS_DDSM/jpeg/1.3.6.1.4.1.9590.100.1.2.10098093912338239901459163343317187533/1-285.jpg,/app/data/processed/normalized/P_00106_mass_RIGHT_MLO_1-285.png,/app/data/processed/contrast/P_00106_mass_RIGHT_MLO_1-285.png,/app/data/processed/sharpened/P_00106_mass_RIGHT_MLO_1-285.png,mixed_poisson_gaussian,anscombe_wiener,/app/data/processed/noisy/mixed_poisson_gaussian/P_00106_mass_RIGHT_MLO_1-285.png,/app/data/processed/denoised/anscombe_wiener/mixed_poisson_gaussian_P_00106_mass_RIGHT_MLO_1-285.png
P_00106,mass,RIGHT,MLO,BENIGN_WITHOUT_CALLBACK,0,train,/app/data/raw/CBIS_DDSM/jpeg/1.3.6.1.4.1.9590.100.1.2.10098093912338239901459163343317187533/1-285.jpg,/app/data/processed/normalized/P_00106_mass_RIGHT_MLO_1-285.png,/app/data/processed/contrast/P_00106_mass_RIGHT_MLO_1-285.png,/app/data/processed/sharpened/P_00106_mass_RIGHT_MLO_1-285.png,mixed_poisson_gaussian,adaptive_median,/app/data/processed/noisy/mixed_poisson_gaussian/P_00106_mass_RIGHT_MLO_1-285.png,/app/data/processed/denoised/adaptive_median/mixed_poisson_gaussian_P_00106_mass_RIGHT_MLO_1-285.png
P_00106,mass,RIGHT,MLO,BENIGN_WITHOUT_CALLBACK,0,train,/app/data/raw/CBIS_DDSM/jpeg/1.3.6.1.4.1.9590.100.1.2.10098093912338239901459163343317187533/1-285.jpg,/app/data/processed/normalized/P_00106_mass_RIGHT_MLO_1-285.png,/app/data/processed/contrast/P_00106_mass_RIGHT_MLO_1-285.png,/app/data/processed/sharpened/P_00106_mass_RIGHT_MLO_1-285.png,mixed_poisson_gaussian,kuan,/app/data/processed/noisy/mixed_poisson_gaussian/P_00106_mass_RIGHT_MLO_1-285.png,/app/data/processed/denoised/kuan/mixed_poisson_gaussian_P_00106_mass_RIGHT_MLO_1-285.png
P_00187,mass,LEFT,CC,BENIGN,0,train,/app/data/raw/CBIS_DDSM/jpeg/1.3.6.1.4.1.9590.100.1.2.101838604411514372224355857201121413540/1-161.jpg,/app/data/processed/normalized/P_00187_mass_LEFT_CC_1-161.png,/app/data/processed/contrast/P_00187_mass_LEFT_CC_1-161.png,/app/data/processed/sharpened/P_00187_mass_LEFT_CC_1-161.png,gaussian,median,/app/data/processed/noisy/gaussian/P_00187_mass_LEFT_CC_1-161.png,/app/data/processed/denoised/median/gaussian_P_00187_mass_LEFT_CC_1-161.png
P_00187,mass,LEFT,CC,BENIGN,0,train,/app/data/raw/CBIS_DDSM/jpeg/1.3.6.1.4.1.9590.100.1.2.101838604411514372224355857201121413540/1-161.jpg,/app/data/processed/normalized/P_00187_mass_LEFT_CC_1-161.png,/app/data/processed/contrast/P_00187_mass_LEFT_CC_1-161.png,/app/data/processed/sharpened/P_00187_mass_LEFT_CC_1-161.png,gaussian,gaussian,/app/data/processed/noisy/gaussian/P_00187_mass_LEFT_CC_1-161.png,/app/data/processed/denoised/gaussian/gaussian_P_00187_mass_LEFT_CC_1-161.png
P_00187,mass,LEFT,CC,BENIGN,0,train,/app/data/raw/CBIS_DDSM/jpeg/1.3.6.1.4.1.9590.100.1.2.101838604411514372224355857201121413540/1-161.jpg,/app/data/processed/normalized/P_00187_mass_LEFT_CC_1-161.png,/app/data/processed/contrast/P_00187_mass_LEFT_CC_1-161.png,/app/data/processed/sharpened/P_00187_mass_LEFT_CC_1-161.png,gaussian,wiener,/app/data/processed/noisy/gaussian/P_00187_mass_LEFT_CC_1-161.png,/app/data/processed/denoised/wiener/gaussian_P_00187_mass_LEFT_CC_1-161.png
P_00187,mass,LEFT,CC,BENIGN,0,train,/app/data/raw/CBIS_DDSM/jpeg/1.3.6.1.4.1.9590.100.1.2.101838604411514372224355857201121413540/1-161.jpg,/app/data/processed/normalized/P_00187_mass_LEFT_CC_1-161.png,/app/data/processed/contrast/P_00187_mass_LEFT_CC_1-161.png,/app/data/processed/sharpened/P_00187_mass_LEFT_CC_1-161.png,gaussian,bilateral,/app/data/processed/noisy/gaussian/P_00187_mass_LEFT_CC_1-161.png,/app/data/processed/denoised/bilateral/gaussian_P_00187_mass_LEFT_CC_1-161.png
P_00187,mass,LEFT,CC,BENIGN,0,train,/app/data/raw/CBIS_DDSM/jpeg/1.3.6.1.4.1.9590.100.1.2.101838604411514372224355857201121413540/1-161.jpg,/app/data/processed/normalized/P_00187_mass_LEFT_CC_1-161.png,/app/data/processed/contrast/P_00187_mass_LEFT_CC_1-161.png,/app/data/processed/sharpened/P_00187_mass_LEFT_CC_1-161.png,gaussian,non_local_means,/app/data/processed/noisy/gaussian/P_00187_mass_LEFT_CC_1-161.png,/app/data/processed/denoised/non_local_means/gaussian_P_00187_mass_LEFT_CC_1-161.png
P_00187,mass,LEFT,CC,BENIGN,0,train,/app/data/raw/CBIS_DDSM/jpeg/1.3.6.1.4.1.9590.100.1.2.101838604411514372224355857201121413540/1-161.jpg,/app/data/processed/normalized/P_00187_mass_LEFT_CC_1-161.png,/app/data/processed/contrast/P_00187_mass_LEFT_CC_1-161.png,/app/data/processed/sharpened/P_00187_mass_LEFT_CC_1-161.png,gaussian,anscombe_wiener,/app/data/processed/noisy/gaussian/P_00187_mass_LEFT_CC_1-161.png,/app/data/processed/denoised/anscombe_wiener/gaussian_P_00187_mass_LEFT_CC_1-161.png
P_00187,mass,LEFT,CC,BENIGN,0,train,/app/data/raw/CBIS_DDSM/jpeg/1.3.6.1.4.1.9590.100.1.2.101838604411514372224355857201121413540/1-161.jpg,/app/data/processed/normalized/P_00187_mass_LEFT_CC_1-161.png,/app/data/processed/contrast/P_00187_mass_LEFT_CC_1-161.png,/app/data/processed/sharpened/P_00187_mass_LEFT_CC_1-161.png,gaussian,adaptive_median,/app/data/processed/noisy/gaussian/P_00187_mass_LEFT_CC_1-161.png,/app/data/processed/denoised/adaptive_median/gaussian_P_00187_mass_LEFT_CC_1-161.png
P_00187,mass,LEFT,CC,BENIGN,0,train,/app/data/raw/CBIS_DDSM/jpeg/1.3.6.1.4.1.9590.100.1.2.101838604411514372224355857201121413540/1-161.jpg,/app/data/processed/normalized/P_00187_mass_LEFT_CC_1-161.png,/app/data/processed/contrast/P_00187_mass_LEFT_CC_1-161.png,/app/data/processed/sharpened/P_00187_mass_LEFT_CC_1-161.png,gaussian,kuan,/app/data/processed/noisy/gaussian/P_00187_mass_LEFT_CC_1-161.png,/app/data/processed/denoised/kuan/gaussian_P_00187_mass_LEFT_CC_1-161.png
P_00187,mass,LEFT,CC,BENIGN,0,train,/app/data/raw/CBIS_DDSM/jpeg/1.3.6.1.4.1.9590.100.1.2.101838604411514372224355857201121413540/1-161.jpg,/app/data/processed/normalized/P_00187_mass_LEFT_CC_1-161.png,/app/data/processed/contrast/P_00187_mass_LEFT_CC_1-161.png,/app/data/processed/sharpened/P_00187_mass_LEFT_CC_1-161.png,salt_pepper,median,/app/data/processed/noisy/salt_pepper/P_00187_mass_LEFT_CC_1-161.png,/app/data/processed/denoised/median/salt_pepper_P_00187_mass_LEFT_CC_1-161.png
P_00187,mass,LEFT,CC,BENIGN,0,train,/app/data/raw/CBIS_DDSM/jpeg/1.3.6.1.4.1.9590.100.1.2.101838604411514372224355857201121413540/1-161.jpg,/app/data/processed/normalized/P_00187_mass_LEFT_CC_1-161.png,/app/data/processed/contrast/P_00187_mass_LEFT_CC_1-161.png,/app/data/processed/sharpened/P_00187_mass_LEFT_CC_1-161.png,salt_pepper,gaussian,/app/data/processed/noisy/salt_pepper/P_00187_mass_LEFT_CC_1-161.png,/app/data/processed/denoised/gaussian/salt_pepper_P_00187_mass_LEFT_CC_1-161.png
P_00187,mass,LEFT,CC,BENIGN,0,train,/app/data/raw/CBIS_DDSM/jpeg/1.3.6.1.4.1.9590.100.1.2.101838604411514372224355857201121413540/1-161.jpg,/app/data/processed/normalized/P_00187_mass_LEFT_CC_1-161.png,/app/data/processed/contrast/P_00187_mass_LEFT_CC_1-161.png,/app/data/processed/sharpened/P_00187_mass_LEFT_CC_1-161.png,salt_pepper,wiener,/app/data/processed/noisy/salt_pepper/P_00187_mass_LEFT_CC_1-161.png,/app/data/processed/denoised/wiener/salt_pepper_P_00187_mass_LEFT_CC_1-161.png
P_00187,mass,LEFT,CC,BENIGN,0,train,/app/data/raw/CBIS_DDSM/jpeg/1.3.6.1.4.1.9590.100.1.2.101838604411514372224355857201121413540/1-161.jpg,/app/data/processed/normalized/P_00187_mass_LEFT_CC_1-161.png,/app/data/processed/contrast/P_00187_mass_LEFT_CC_1-161.png,/app/data/processed/sharpened/P_00187_mass_LEFT_CC_1-161.png,salt_pepper,bilateral,/app/data/processed/noisy/salt_pepper/P_00187_mass_LEFT_CC_1-161.png,/app/data/processed/denoised/bilateral/salt_pepper_P_00187_mass_LEFT_CC_1-161.png
P_00187,mass,LEFT,CC,BENIGN,0,train,/app/data/raw/CBIS_DDSM/jpeg/1.3.6.1.4.1.9590.100.1.2.101838604411514372224355857201121413540/1-161.jpg,/app/data/processed/normalized/P_00187_mass_LEFT_CC_1-161.png,/app/data/processed/contrast/P_00187_mass_LEFT_CC_1-161.png,/app/data/processed/sharpened/P_00187_mass_LEFT_CC_1-161.png,salt_pepper,non_local_means,/app/data/processed/noisy/salt_pepper/P_00187_mass_LEFT_CC_1-161.png,/app/data/processed/denoised/non_local_means/salt_pepper_P_00187_mass_LEFT_CC_1-161.png
P_00187,mass,LEFT,CC,BENIGN,0,train,/app/data/raw/CBIS_DDSM/jpeg/1.3.6.1.4.1.9590.100.1.2.101838604411514372224355857201121413540/1-161.jpg,/app/data/processed/normalized/P_00187_mass_LEFT_CC_1-161.png,/app/data/processed/contrast/P_00187_mass_LEFT_CC_1-161.png,/app/data/processed/sharpened/P_00187_mass_LEFT_CC_1-161.png,salt_pepper,anscombe_wiener,/app/data/processed/noisy/salt_pepper/P_00187_mass_LEFT_CC_1-161.png,/app/data/processed/denoised/anscombe_wiener/salt_pepper_P_00187_mass_LEFT_CC_1-161.png
P_00187,mass,LEFT,CC,BENIGN,0,train,/app/data/raw/CBIS_DDSM/jpeg/1.3.6.1.4.1.9590.100.1.2.101838604411514372224355857201121413540/1-161.jpg,/app/data/processed/normalized/P_00187_mass_LEFT_CC_1-161.png,/app/data/processed/contrast/P_00187_mass_LEFT_CC_1-161.png,/app/data/processed/sharpened/P_00187_mass_LEFT_CC_1-161.png,salt_pepper,adaptive_median,/app/data/processed/noisy/salt_pepper/P_00187_mass_LEFT_CC_1-161.png,/app/data/processed/denoised/adaptive_median/salt_pepper_P_00187_mass_LEFT_CC_1-161.png
P_00187,mass,LEFT,CC,BENIGN,0,train,/app/data/raw/CBIS_DDSM/jpeg/1.3.6.1.4.1.9590.100.1.2.101838604411514372224355857201121413540/1-161.jpg,/app/data/processed/normalized/P_00187_mass_LEFT_CC_1-161.png,/app/data/processed/contrast/P_00187_mass_LEFT_CC_1-161.png,/app/data/processed/sharpened/P_00187_mass_LEFT_CC_1-161.png,salt_pepper,kuan,/app/data/processed/noisy/salt_pepper/P_00187_mass_LEFT_CC_1-161.png,/app/data/processed/denoised/kuan/salt_pepper_P_00187_mass_LEFT_CC_1-161.png
P_00187,mass,LEFT,CC,BENIGN,0,train,/app/data/raw/CBIS_DDSM/jpeg/1.3.6.1.4.1.9590.100.1.2.101838604411514372224355857201121413540/1-161.jpg,/app/data/processed/normalized/P_00187_mass_LEFT_CC_1-161.png,/app/data/processed/contrast/P_00187_mass_LEFT_CC_1-161.png,/app/data/processed/sharpened/P_00187_mass_LEFT_CC_1-161.png,speckle,median,/app/data/processed/noisy/speckle/P_00187_mass_LEFT_CC_1-161.png,/app/data/processed/denoised/median/speckle_P_00187_mass_LEFT_CC_1-161.png
P_00187,mass,LEFT,CC,BENIGN,0,train,/app/data/raw/CBIS_DDSM/jpeg/1.3.6.1.4.1.9590.100.1.2.101838604411514372224355857201121413540/1-161.jpg,/app/data/processed/normalized/P_00187_mass_LEFT_CC_1-161.png,/app/data/processed/contrast/P_00187_mass_LEFT_CC_1-161.png,/app/data/processed/sharpened/P_00187_mass_LEFT_CC_1-161.png,speckle,gaussian,/app/data/processed/noisy/speckle/P_00187_mass_LEFT_CC_1-161.png,/app/data/processed/denoised/gaussian/speckle_P_00187_mass_LEFT_CC_1-161.png
P_00187,mass,LEFT,CC,BENIGN,0,train,/app/data/raw/CBIS_DDSM/jpeg/1.3.6.1.4.1.9590.100.1.2.101838604411514372224355857201121413540/1-161.jpg,/app/data/processed/normalized/P_00187_mass_LEFT_CC_1-161.png,/app/data/processed/contrast/P_00187_mass_LEFT_CC_1-161.png,/app/data/processed/sharpened/P_00187_mass_LEFT_CC_1-161.png,speckle,wiener,/app/data/processed/noisy/speckle/P_00187_mass_LEFT_CC_1-161.png,/app/data/processed/denoised/wiener/speckle_P_00187_mass_LEFT_CC_1-161.png
P_00187,mass,LEFT,CC,BENIGN,0,train,/app/data/raw/CBIS_DDSM/jpeg/1.3.6.1.4.1.9590.100.1.2.101838604411514372224355857201121413540/1-161.jpg,/app/data/processed/normalized/P_00187_mass_LEFT_CC_1-161.png,/app/data/processed/contrast/P_00187_mass_LEFT_CC_1-161.png,/app/data/processed/sharpened/P_00187_mass_LEFT_CC_1-161.png,speckle,bilateral,/app/data/processed/noisy/speckle/P_00187_mass_LEFT_CC_1-161.png,/app/data/processed/denoised/bilateral/speckle_P_00187_mass_LEFT_CC_1-161.png
P_00187,mass,LEFT,CC,BENIGN,0,train,/app/data/raw/CBIS_DDSM/jpeg/1.3.6.1.4.1.9590.100.1.2.101838604411514372224355857201121413540/1-161.jpg,/app/data/processed/normalized/P_00187_mass_LEFT_CC_1-161.png,/app/data/processed/contrast/P_00187_mass_LEFT_CC_1-161.png,/app/data/processed/sharpened/P_00187_mass_LEFT_CC_1-161.png,speckle,non_local_means,/app/data/processed/noisy/speckle/P_00187_mass_LEFT_CC_1-161.png,/app/data/processed/denoised/non_local_means/speckle_P_00187_mass_LEFT_CC_1-161.png
P_00187,mass,LEFT,CC,BENIGN,0,train,/app/data/raw/CBIS_DDSM/jpeg/1.3.6.1.4.1.9590.100.1.2.101838604411514372224355857201121413540/1-161.jpg,/app/data/processed/normalized/P_00187_mass_LEFT_CC_1-161.png,/app/data/processed/contrast/P_00187_mass_LEFT_CC_1-161.png,/app/data/processed/sharpened/P_00187_mass_LEFT_CC_1-161.png,speckle,anscombe_wiener,/app/data/processed/noisy/speckle/P_00187_mass_LEFT_CC_1-161.png,/app/data/processed/denoised/anscombe_wiener/speckle_P_00187_mass_LEFT_CC_1-161.png
P_00187,mass,LEFT,CC,BENIGN,0,train,/app/data/raw/CBIS_DDSM/jpeg/1.3.6.1.4.1.9590.100.1.2.101838604411514372224355857201121413540/1-161.jpg,/app/data/processed/normalized/P_00187_mass_LEFT_CC_1-161.png,/app/data/processed/contrast/P_00187_mass_LEFT_CC_1-161.png,/app/data/processed/sharpened/P_00187_mass_LEFT_CC_1-161.png,speckle,adaptive_median,/app/data/processed/noisy/speckle/P_00187_mass_LEFT_CC_1-161.png,/app/data/processed/denoised/adaptive_median/speckle_P_00187_mass_LEFT_CC_1-161.png
P_00187,mass,LEFT,CC,BENIGN,0,train,/app/data/raw/CBIS_DDSM/jpeg/1.3.6.1.4.1.9590.100.1.2.101838604411514372224355857201121413540/1-161.jpg,/app/data/processed/normalized/P_00187_mass_LEFT_CC_1-161.png,/app/data/processed/contrast/P_00187_mass_LEFT_CC_1-161.png,/app/data/processed/sharpened/P_00187_mass_LEFT_CC_1-161.png,speckle,kuan,/app/data/processed/noisy/speckle/P_00187_mass_LEFT_CC_1-161.png,/app/data/processed/denoised/kuan/speckle_P_00187_mass_LEFT_CC_1-161.png
P_00187,mass,LEFT,CC,BENIGN,0,train,/app/data/raw/CBIS_DDSM/jpeg/1.3.6.1.4.1.9590.100.1.2.101838604411514372224355857201121413540/1-161.jpg,/app/data/processed/normalized/P_00187_mass_LEFT_CC_1-161.png,/app/data/processed/contrast/P_00187_mass_LEFT_CC_1-161.png,/app/data/processed/sharpened/P_00187_mass_LEFT_CC_1-161.png,poisson,median,/app/data/processed/noisy/poisson/P_00187_mass_LEFT_CC_1-161.png,/app/data/processed/denoised/median/poisson_P_00187_mass_LEFT_CC_1-161.png
P_00187,mass,LEFT,CC,BENIGN,0,train,/app/data/raw/CBIS_DDSM/jpeg/1.3.6.1.4.1.9590.100.1.2.101838604411514372224355857201121413540/1-161.jpg,/app/data/processed/normalized/P_00187_mass_LEFT_CC_1-161.png,/app/data/processed/contrast/P_00187_mass_LEFT_CC_1-161.png,/app/data/processed/sharpened/P_00187_mass_LEFT_CC_1-161.png,poisson,gaussian,/app/data/processed/noisy/poisson/P_00187_mass_LEFT_CC_1-161.png,/app/data/processed/denoised/gaussian/poisson_P_00187_mass_LEFT_CC_1-161.png
P_00187,mass,LEFT,CC,BENIGN,0,train,/app/data/raw/CBIS_DDSM/jpeg/1.3.6.1.4.1.9590.100.1.2.101838604411514372224355857201121413540/1-161.jpg,/app/data/processed/normalized/P_00187_mass_LEFT_CC_1-161.png,/app/data/processed/contrast/P_00187_mass_LEFT_CC_1-161.png,/app/data/processed/sharpened/P_00187_mass_LEFT_CC_1-161.png,poisson,wiener,/app/data/processed/noisy/poisson/P_00187_mass_LEFT_CC_1-161.png,/app/data/processed/denoised/wiener/poisson_P_00187_mass_LEFT_CC_1-161.png
P_00187,mass,LEFT,CC,BENIGN,0,train,/app/data/raw/CBIS_DDSM/jpeg/1.3.6.1.4.1.9590.100.1.2.101838604411514372224355857201121413540/1-161.jpg,/app/data/processed/normalized/P_00187_mass_LEFT_CC_1-161.png,/app/data/processed/contrast/P_00187_mass_LEFT_CC_1-161.png,/app/data/processed/sharpened/P_00187_mass_LEFT_CC_1-161.png,poisson,bilateral,/app/data/processed/noisy/poisson/P_00187_mass_LEFT_CC_1-161.png,/app/data/processed/denoised/bilateral/poisson_P_00187_mass_LEFT_CC_1-161.png
P_00187,mass,LEFT,CC,BENIGN,0,train,/app/data/raw/CBIS_DDSM/jpeg/1.3.6.1.4.1.9590.100.1.2.101838604411514372224355857201121413540/1-161.jpg,/app/data/processed/normalized/P_00187_mass_LEFT_CC_1-161.png,/app/data/processed/contrast/P_00187_mass_LEFT_CC_1-161.png,/app/data/processed/sharpened/P_00187_mass_LEFT_CC_1-161.png,poisson,non_local_means,/app/data/processed/noisy/poisson/P_00187_mass_LEFT_CC_1-161.png,/app/data/processed/denoised/non_local_means/poisson_P_00187_mass_LEFT_CC_1-161.png
P_00187,mass,LEFT,CC,BENIGN,0,train,/app/data/raw/CBIS_DDSM/jpeg/1.3.6.1.4.1.9590.100.1.2.101838604411514372224355857201121413540/1-161.jpg,/app/data/processed/normalized/P_00187_mass_LEFT_CC_1-161.png,/app/data/processed/contrast/P_00187_mass_LEFT_CC_1-161.png,/app/data/processed/sharpened/P_00187_mass_LEFT_CC_1-161.png,poisson,anscombe_wiener,/app/data/processed/noisy/poisson/P_00187_mass_LEFT_CC_1-161.png,/app/data/processed/denoised/anscombe_wiener/poisson_P_00187_mass_LEFT_CC_1-161.png
P_00187,mass,LEFT,CC,BENIGN,0,train,/app/data/raw/CBIS_DDSM/jpeg/1.3.6.1.4.1.9590.100.1.2.101838604411514372224355857201121413540/1-161.jpg,/app/data/processed/normalized/P_00187_mass_LEFT_CC_1-161.png,/app/data/processed/contrast/P_00187_mass_LEFT_CC_1-161.png,/app/data/processed/sharpened/P_00187_mass_LEFT_CC_1-161.png,poisson,adaptive_median,/app/data/processed/noisy/poisson/P_00187_mass_LEFT_CC_1-161.png,/app/data/processed/denoised/adaptive_median/poisson_P_00187_mass_LEFT_CC_1-161.png
P_00187,mass,LEFT,CC,BENIGN,0,train,/app/data/raw/CBIS_DDSM/jpeg/1.3.6.1.4.1.9590.100.1.2.101838604411514372224355857201121413540/1-161.jpg,/app/data/processed/normalized/P_00187_mass_LEFT_CC_1-161.png,/app/data/processed/contrast/P_00187_mass_LEFT_CC_1-161.png,/app/data/processed/sharpened/P_00187_mass_LEFT_CC_1-161.png,poisson,kuan,/app/data/processed/noisy/poisson/P_00187_mass_LEFT_CC_1-161.png,/app/data/processed/denoised/kuan/poisson_P_00187_mass_LEFT_CC_1-161.png
P_00187,mass,LEFT,CC,BENIGN,0,train,/app/data/raw/CBIS_DDSM/jpeg/1.3.6.1.4.1.9590.100.1.2.101838604411514372224355857201121413540/1-161.jpg,/app/data/processed/normalized/P_00187_mass_LEFT_CC_1-161.png,/app/data/processed/contrast/P_00187_mass_LEFT_CC_1-161.png,/app/data/processed/sharpened/P_00187_mass_LEFT_CC_1-161.png,mixed_poisson_gaussian,median,/app/data/processed/noisy/mixed_poisson_gaussian/P_00187_mass_LEFT_CC_1-161.png,/app/data/processed/denoised/median/mixed_poisson_gaussian_P_00187_mass_LEFT_CC_1-161.png
P_00187,mass,LEFT,CC,BENIGN,0,train,/app/data/raw/CBIS_DDSM/jpeg/1.3.6.1.4.1.9590.100.1.2.101838604411514372224355857201121413540/1-161.jpg,/app/data/processed/normalized/P_00187_mass_LEFT_CC_1-161.png,/app/data/processed/contrast/P_00187_mass_LEFT_CC_1-161.png,/app/data/processed/sharpened/P_00187_mass_LEFT_CC_1-161.png,mixed_poisson_gaussian,gaussian,/app/data/processed/noisy/mixed_poisson_gaussian/P_00187_mass_LEFT_CC_1-161.png,/app/data/processed/denoised/gaussian/mixed_poisson_gaussian_P_00187_mass_LEFT_CC_1-161.png
P_00187,mass,LEFT,CC,BENIGN,0,train,/app/data/raw/CBIS_DDSM/jpeg/1.3.6.1.4.1.9590.100.1.2.101838604411514372224355857201121413540/1-161.jpg,/app/data/processed/normalized/P_00187_mass_LEFT_CC_1-161.png,/app/data/processed/contrast/P_00187_mass_LEFT_CC_1-161.png,/app/data/processed/sharpened/P_00187_mass_LEFT_CC_1-161.png,mixed_poisson_gaussian,wiener,/app/data/processed/noisy/mixed_poisson_gaussian/P_00187_mass_LEFT_CC_1-161.png,/app/data/processed/denoised/wiener/mixed_poisson_gaussian_P_00187_mass_LEFT_CC_1-161.png
P_00187,mass,LEFT,CC,BENIGN,0,train,/app/data/raw/CBIS_DDSM/jpeg/1.3.6.1.4.1.9590.100.1.2.101838604411514372224355857201121413540/1-161.jpg,/app/data/processed/normalized/P_00187_mass_LEFT_CC_1-161.png,/app/data/processed/contrast/P_00187_mass_LEFT_CC_1-161.png,/app/data/processed/sharpened/P_00187_mass_LEFT_CC_1-161.png,mixed_poisson_gaussian,bilateral,/app/data/processed/noisy/mixed_poisson_gaussian/P_00187_mass_LEFT_CC_1-161.png,/app/data/processed/denoised/bilateral/mixed_poisson_gaussian_P_00187_mass_LEFT_CC_1-161.png
P_00187,mass,LEFT,CC,BENIGN,0,train,/app/data/raw/CBIS_DDSM/jpeg/1.3.6.1.4.1.9590.100.1.2.101838604411514372224355857201121413540/1-161.jpg,/app/data/processed/normalized/P_00187_mass_LEFT_CC_1-161.png,/app/data/processed/contrast/P_00187_mass_LEFT_CC_1-161.png,/app/data/processed/sharpened/P_00187_mass_LEFT_CC_1-161.png,mixed_poisson_gaussian,non_local_means,/app/data/processed/noisy/mixed_poisson_gaussian/P_00187_mass_LEFT_CC_1-161.png,/app/data/processed/denoised/non_local_means/mixed_poisson_gaussian_P_00187_mass_LEFT_CC_1-161.png
P_00187,mass,LEFT,CC,BENIGN,0,train,/app/data/raw/CBIS_DDSM/jpeg/1.3.6.1.4.1.9590.100.1.2.101838604411514372224355857201121413540/1-161.jpg,/app/data/processed/normalized/P_00187_mass_LEFT_CC_1-161.png,/app/data/processed/contrast/P_00187_mass_LEFT_CC_1-161.png,/app/data/processed/sharpened/P_00187_mass_LEFT_CC_1-161.png,mixed_poisson_gaussian,anscombe_wiener,/app/data/processed/noisy/mixed_poisson_gaussian/P_00187_mass_LEFT_CC_1-161.png,/app/data/processed/denoised/anscombe_wiener/mixed_poisson_gaussian_P_00187_mass_LEFT_CC_1-161.png
P_00187,mass,LEFT,CC,BENIGN,0,train,/app/data/raw/CBIS_DDSM/jpeg/1.3.6.1.4.1.9590.100.1.2.101838604411514372224355857201121413540/1-161.jpg,/app/data/processed/normalized/P_00187_mass_LEFT_CC_1-161.png,/app/data/processed/contrast/P_00187_mass_LEFT_CC_1-161.png,/app/data/processed/sharpened/P_00187_mass_LEFT_CC_1-161.png,mixed_poisson_gaussian,adaptive_median,/app/data/processed/noisy/mixed_poisson_gaussian/P_00187_mass_LEFT_CC_1-161.png,/app/data/processed/denoised/adaptive_median/mixed_poisson_gaussian_P_00187_mass_LEFT_CC_1-161.png
P_00187,mass,LEFT,CC,BENIGN,0,train,/app/data/raw/CBIS_DDSM/jpeg/1.3.6.1.4.1.9590.100.1.2.101838604411514372224355857201121413540/1-161.jpg,/app/data/processed/normalized/P_00187_mass_LEFT_CC_1-161.png,/app/data/processed/contrast/P_00187_mass_LEFT_CC_1-161.png,/app/data/processed/sharpened/P_00187_mass_LEFT_CC_1-161.png,mixed_poisson_gaussian,kuan,/app/data/processed/noisy/mixed_poisson_gaussian/P_00187_mass_LEFT_CC_1-161.png,/app/data/processed/denoised/kuan/mixed_poisson_gaussian_P_00187_mass_LEFT_CC_1-161.png
P_00281,mass,LEFT,MLO,BENIGN,0,train,/app/data/raw/CBIS_DDSM/jpeg/1.3.6.1.4.1.9590.100.1.2.100682860911308271813943300011840547108/1-198.jpg,/app/data/processed/normalized/P_00281_mass_LEFT_MLO_1-198.png,/app/data/processed/contrast/P_00281_mass_LEFT_MLO_1-198.png,/app/data/processed/sharpened/P_00281_mass_LEFT_MLO_1-198.png,gaussian,median,/app/data/processed/noisy/gaussian/P_00281_mass_LEFT_MLO_1-198.png,/app/data/processed/denoised/median/gaussian_P_00281_mass_LEFT_MLO_1-198.png
P_00281,mass,LEFT,MLO,BENIGN,0,train,/app/data/raw/CBIS_DDSM/jpeg/1.3.6.1.4.1.9590.100.1.2.100682860911308271813943300011840547108/1-198.jpg,/app/data/processed/normalized/P_00281_mass_LEFT_MLO_1-198.png,/app/data/processed/contrast/P_00281_mass_LEFT_MLO_1-198.png,/app/data/processed/sharpened/P_00281_mass_LEFT_MLO_1-198.png,gaussian,gaussian,/app/data/processed/noisy/gaussian/P_00281_mass_LEFT_MLO_1-198.png,/app/data/processed/denoised/gaussian/gaussian_P_00281_mass_LEFT_MLO_1-198.png
P_00281,mass,LEFT,MLO,BENIGN,0,train,/app/data/raw/CBIS_DDSM/jpeg/1.3.6.1.4.1.9590.100.1.2.100682860911308271813943300011840547108/1-198.jpg,/app/data/processed/normalized/P_00281_mass_LEFT_MLO_1-198.png,/app/data/processed/contrast/P_00281_mass_LEFT_MLO_1-198.png,/app/data/processed/sharpened/P_00281_mass_LEFT_MLO_1-198.png,gaussian,wiener,/app/data/processed/noisy/gaussian/P_00281_mass_LEFT_MLO_1-198.png,/app/data/processed/denoised/wiener/gaussian_P_00281_mass_LEFT_MLO_1-198.png
P_00281,mass,LEFT,MLO,BENIGN,0,train,/app/data/raw/CBIS_DDSM/jpeg/1.3.6.1.4.1.9590.100.1.2.100682860911308271813943300011840547108/1-198.jpg,/app/data/processed/normalized/P_00281_mass_LEFT_MLO_1-198.png,/app/data/processed/contrast/P_00281_mass_LEFT_MLO_1-198.png,/app/data/processed/sharpened/P_00281_mass_LEFT_MLO_1-198.png,gaussian,bilateral,/app/data/processed/noisy/gaussian/P_00281_mass_LEFT_MLO_1-198.png,/app/data/processed/denoised/bilateral/gaussian_P_00281_mass_LEFT_MLO_1-198.png
P_00281,mass,LEFT,MLO,BENIGN,0,train,/app/data/raw/CBIS_DDSM/jpeg/1.3.6.1.4.1.9590.100.1.2.100682860911308271813943300011840547108/1-198.jpg,/app/data/processed/normalized/P_00281_mass_LEFT_MLO_1-198.png,/app/data/processed/contrast/P_00281_mass_LEFT_MLO_1-198.png,/app/data/processed/sharpened/P_00281_mass_LEFT_MLO_1-198.png,gaussian,non_local_means,/app/data/processed/noisy/gaussian/P_00281_mass_LEFT_MLO_1-198.png,/app/data/processed/denoised/non_local_means/gaussian_P_00281_mass_LEFT_MLO_1-198.png
P_00281,mass,LEFT,MLO,BENIGN,0,train,/app/data/raw/CBIS_DDSM/jpeg/1.3.6.1.4.1.9590.100.1.2.100682860911308271813943300011840547108/1-198.jpg,/app/data/processed/normalized/P_00281_mass_LEFT_MLO_1-198.png,/app/data/processed/contrast/P_00281_mass_LEFT_MLO_1-198.png,/app/data/processed/sharpened/P_00281_mass_LEFT_MLO_1-198.png,gaussian,anscombe_wiener,/app/data/processed/noisy/gaussian/P_00281_mass_LEFT_MLO_1-198.png,/app/data/processed/denoised/anscombe_wiener/gaussian_P_00281_mass_LEFT_MLO_1-198.png
P_00281,mass,LEFT,MLO,BENIGN,0,train,/app/data/raw/CBIS_DDSM/jpeg/1.3.6.1.4.1.9590.100.1.2.100682860911308271813943300011840547108/1-198.jpg,/app/data/processed/normalized/P_00281_mass_LEFT_MLO_1-198.png,/app/data/processed/contrast/P_00281_mass_LEFT_MLO_1-198.png,/app/data/processed/sharpened/P_00281_mass_LEFT_MLO_1-198.png,gaussian,adaptive_median,/app/data/processed/noisy/gaussian/P_00281_mass_LEFT_MLO_1-198.png,/app/data/processed/denoised/adaptive_median/gaussian_P_00281_mass_LEFT_MLO_1-198.png
P_00281,mass,LEFT,MLO,BENIGN,0,train,/app/data/raw/CBIS_DDSM/jpeg/1.3.6.1.4.1.9590.100.1.2.100682860911308271813943300011840547108/1-198.jpg,/app/data/processed/normalized/P_00281_mass_LEFT_MLO_1-198.png,/app/data/processed/contrast/P_00281_mass_LEFT_MLO_1-198.png,/app/data/processed/sharpened/P_00281_mass_LEFT_MLO_1-198.png,gaussian,kuan,/app/data/processed/noisy/gaussian/P_00281_mass_LEFT_MLO_1-198.png,/app/data/processed/denoised/kuan/gaussian_P_00281_mass_LEFT_MLO_1-198.png
P_00281,mass,LEFT,MLO,BENIGN,0,train,/app/data/raw/CBIS_DDSM/jpeg/1.3.6.1.4.1.9590.100.1.2.100682860911308271813943300011840547108/1-198.jpg,/app/data/processed/normalized/P_00281_mass_LEFT_MLO_1-198.png,/app/data/processed/contrast/P_00281_mass_LEFT_MLO_1-198.png,/app/data/processed/sharpened/P_00281_mass_LEFT_MLO_1-198.png,salt_pepper,median,/app/data/processed/noisy/salt_pepper/P_00281_mass_LEFT_MLO_1-198.png,/app/data/processed/denoised/median/salt_pepper_P_00281_mass_LEFT_MLO_1-198.png
P_00281,mass,LEFT,MLO,BENIGN,0,train,/app/data/raw/CBIS_DDSM/jpeg/1.3.6.1.4.1.9590.100.1.2.100682860911308271813943300011840547108/1-198.jpg,/app/data/processed/normalized/P_00281_mass_LEFT_MLO_1-198.png,/app/data/processed/contrast/P_00281_mass_LEFT_MLO_1-198.png,/app/data/processed/sharpened/P_00281_mass_LEFT_MLO_1-198.png,salt_pepper,gaussian,/app/data/processed/noisy/salt_pepper/P_00281_mass_LEFT_MLO_1-198.png,/app/data/processed/denoised/gaussian/salt_pepper_P_00281_mass_LEFT_MLO_1-198.png
P_00281,mass,LEFT,MLO,BENIGN,0,train,/app/data/raw/CBIS_DDSM/jpeg/1.3.6.1.4.1.9590.100.1.2.100682860911308271813943300011840547108/1-198.jpg,/app/data/processed/normalized/P_00281_mass_LEFT_MLO_1-198.png,/app/data/processed/contrast/P_00281_mass_LEFT_MLO_1-198.png,/app/data/processed/sharpened/P_00281_mass_LEFT_MLO_1-198.png,salt_pepper,wiener,/app/data/processed/noisy/salt_pepper/P_00281_mass_LEFT_MLO_1-198.png,/app/data/processed/denoised/wiener/salt_pepper_P_00281_mass_LEFT_MLO_1-198.png
P_00281,mass,LEFT,MLO,BENIGN,0,train,/app/data/raw/CBIS_DDSM/jpeg/1.3.6.1.4.1.9590.100.1.2.100682860911308271813943300011840547108/1-198.jpg,/app/data/processed/normalized/P_00281_mass_LEFT_MLO_1-198.png,/app/data/processed/contrast/P_00281_mass_LEFT_MLO_1-198.png,/app/data/processed/sharpened/P_00281_mass_LEFT_MLO_1-198.png,salt_pepper,bilateral,/app/data/processed/noisy/salt_pepper/P_00281_mass_LEFT_MLO_1-198.png,/app/data/processed/denoised/bilateral/salt_pepper_P_00281_mass_LEFT_MLO_1-198.png
P_00281,mass,LEFT,MLO,BENIGN,0,train,/app/data/raw/CBIS_DDSM/jpeg/1.3.6.1.4.1.9590.100.1.2.100682860911308271813943300011840547108/1-198.jpg,/app/data/processed/normalized/P_00281_mass_LEFT_MLO_1-198.png,/app/data/processed/contrast/P_00281_mass_LEFT_MLO_1-198.png,/app/data/processed/sharpened/P_00281_mass_LEFT_MLO_1-198.png,salt_pepper,non_local_means,/app/data/processed/noisy/salt_pepper/P_00281_mass_LEFT_MLO_1-198.png,/app/data/processed/denoised/non_local_means/salt_pepper_P_00281_mass_LEFT_MLO_1-198.png
P_00281,mass,LEFT,MLO,BENIGN,0,train,/app/data/raw/CBIS_DDSM/jpeg/1.3.6.1.4.1.9590.100.1.2.100682860911308271813943300011840547108/1-198.jpg,/app/data/processed/normalized/P_00281_mass_LEFT_MLO_1-198.png,/app/data/processed/contrast/P_00281_mass_LEFT_MLO_1-198.png,/app/data/processed/sharpened/P_00281_mass_LEFT_MLO_1-198.png,salt_pepper,anscombe_wiener,/app/data/processed/noisy/salt_pepper/P_00281_mass_LEFT_MLO_1-198.png,/app/data/processed/denoised/anscombe_wiener/salt_pepper_P_00281_mass_LEFT_MLO_1-198.png
P_00281,mass,LEFT,MLO,BENIGN,0,train,/app/data/raw/CBIS_DDSM/jpeg/1.3.6.1.4.1.9590.100.1.2.100682860911308271813943300011840547108/1-198.jpg,/app/data/processed/normalized/P_00281_mass_LEFT_MLO_1-198.png,/app/data/processed/contrast/P_00281_mass_LEFT_MLO_1-198.png,/app/data/processed/sharpened/P_00281_mass_LEFT_MLO_1-198.png,salt_pepper,adaptive_median,/app/data/processed/noisy/salt_pepper/P_00281_mass_LEFT_MLO_1-198.png,/app/data/processed/denoised/adaptive_median/salt_pepper_P_00281_mass_LEFT_MLO_1-198.png
P_00281,mass,LEFT,MLO,BENIGN,0,train,/app/data/raw/CBIS_DDSM/jpeg/1.3.6.1.4.1.9590.100.1.2.100682860911308271813943300011840547108/1-198.jpg,/app/data/processed/normalized/P_00281_mass_LEFT_MLO_1-198.png,/app/data/processed/contrast/P_00281_mass_LEFT_MLO_1-198.png,/app/data/processed/sharpened/P_00281_mass_LEFT_MLO_1-198.png,salt_pepper,kuan,/app/data/processed/noisy/salt_pepper/P_00281_mass_LEFT_MLO_1-198.png,/app/data/processed/denoised/kuan/salt_pepper_P_00281_mass_LEFT_MLO_1-198.png
P_00281,mass,LEFT,MLO,BENIGN,0,train,/app/data/raw/CBIS_DDSM/jpeg/1.3.6.1.4.1.9590.100.1.2.100682860911308271813943300011840547108/1-198.jpg,/app/data/processed/normalized/P_00281_mass_LEFT_MLO_1-198.png,/app/data/processed/contrast/P_00281_mass_LEFT_MLO_1-198.png,/app/data/processed/sharpened/P_00281_mass_LEFT_MLO_1-198.png,speckle,median,/app/data/processed/noisy/speckle/P_00281_mass_LEFT_MLO_1-198.png,/app/data/processed/denoised/median/speckle_P_00281_mass_LEFT_MLO_1-198.png
P_00281,mass,LEFT,MLO,BENIGN,0,train,/app/data/raw/CBIS_DDSM/jpeg/1.3.6.1.4.1.9590.100.1.2.100682860911308271813943300011840547108/1-198.jpg,/app/data/processed/normalized/P_00281_mass_LEFT_MLO_1-198.png,/app/data/processed/contrast/P_00281_mass_LEFT_MLO_1-198.png,/app/data/processed/sharpened/P_00281_mass_LEFT_MLO_1-198.png,speckle,gaussian,/app/data/processed/noisy/speckle/P_00281_mass_LEFT_MLO_1-198.png,/app/data/processed/denoised/gaussian/speckle_P_00281_mass_LEFT_MLO_1-198.png
P_00281,mass,LEFT,MLO,BENIGN,0,train,/app/data/raw/CBIS_DDSM/jpeg/1.3.6.1.4.1.9590.100.1.2.100682860911308271813943300011840547108/1-198.jpg,/app/data/processed/normalized/P_00281_mass_LEFT_MLO_1-198.png,/app/data/processed/contrast/P_00281_mass_LEFT_MLO_1-198.png,/app/data/processed/sharpened/P_00281_mass_LEFT_MLO_1-198.png,speckle,wiener,/app/data/processed/noisy/speckle/P_00281_mass_LEFT_MLO_1-198.png,/app/data/processed/denoised/wiener/speckle_P_00281_mass_LEFT_MLO_1-198.png
P_00281,mass,LEFT,MLO,BENIGN,0,train,/app/data/raw/CBIS_DDSM/jpeg/1.3.6.1.4.1.9590.100.1.2.100682860911308271813943300011840547108/1-198.jpg,/app/data/processed/normalized/P_00281_mass_LEFT_MLO_1-198.png,/app/data/processed/contrast/P_00281_mass_LEFT_MLO_1-198.png,/app/data/processed/sharpened/P_00281_mass_LEFT_MLO_1-198.png,speckle,bilateral,/app/data/processed/noisy/speckle/P_00281_mass_LEFT_MLO_1-198.png,/app/data/processed/denoised/bilateral/speckle_P_00281_mass_LEFT_MLO_1-198.png
P_00281,mass,LEFT,MLO,BENIGN,0,train,/app/data/raw/CBIS_DDSM/jpeg/1.3.6.1.4.1.9590.100.1.2.100682860911308271813943300011840547108/1-198.jpg,/app/data/processed/normalized/P_00281_mass_LEFT_MLO_1-198.png,/app/data/processed/contrast/P_00281_mass_LEFT_MLO_1-198.png,/app/data/processed/sharpened/P_00281_mass_LEFT_MLO_1-198.png,speckle,non_local_means,/app/data/processed/noisy/speckle/P_00281_mass_LEFT_MLO_1-198.png,/app/data/processed/denoised/non_local_means/speckle_P_00281_mass_LEFT_MLO_1-198.png
P_00281,mass,LEFT,MLO,BENIGN,0,train,/app/data/raw/CBIS_DDSM/jpeg/1.3.6.1.4.1.9590.100.1.2.100682860911308271813943300011840547108/1-198.jpg,/app/data/processed/normalized/P_00281_mass_LEFT_MLO_1-198.png,/app/data/processed/contrast/P_00281_mass_LEFT_MLO_1-198.png,/app/data/processed/sharpened/P_00281_mass_LEFT_MLO_1-198.png,speckle,anscombe_wiener,/app/data/processed/noisy/speckle/P_00281_mass_LEFT_MLO_1-198.png,/app/data/processed/denoised/anscombe_wiener/speckle_P_00281_mass_LEFT_MLO_1-198.png
P_00281,mass,LEFT,MLO,BENIGN,0,train,/app/data/raw/CBIS_DDSM/jpeg/1.3.6.1.4.1.9590.100.1.2.100682860911308271813943300011840547108/1-198.jpg,/app/data/processed/normalized/P_00281_mass_LEFT_MLO_1-198.png,/app/data/processed/contrast/P_00281_mass_LEFT_MLO_1-198.png,/app/data/processed/sharpened/P_00281_mass_LEFT_MLO_1-198.png,speckle,adaptive_median,/app/data/processed/noisy/speckle/P_00281_mass_LEFT_MLO_1-198.png,/app/data/processed/denoised/adaptive_median/speckle_P_00281_mass_LEFT_MLO_1-198.png
P_00281,mass,LEFT,MLO,BENIGN,0,train,/app/data/raw/CBIS_DDSM/jpeg/1.3.6.1.4.1.9590.100.1.2.100682860911308271813943300011840547108/1-198.jpg,/app/data/processed/normalized/P_00281_mass_LEFT_MLO_1-198.png,/app/data/processed/contrast/P_00281_mass_LEFT_MLO_1-198.png,/app/data/processed/sharpened/P_00281_mass_LEFT_MLO_1-198.png,speckle,kuan,/app/data/processed/noisy/speckle/P_00281_mass_LEFT_MLO_1-198.png,/app/data/processed/denoised/kuan/speckle_P_00281_mass_LEFT_MLO_1-198.png
P_00281,mass,LEFT,MLO,BENIGN,0,train,/app/data/raw/CBIS_DDSM/jpeg/1.3.6.1.4.1.9590.100.1.2.100682860911308271813943300011840547108/1-198.jpg,/app/data/processed/normalized/P_00281_mass_LEFT_MLO_1-198.png,/app/data/processed/contrast/P_00281_mass_LEFT_MLO_1-198.png,/app/data/processed/sharpened/P_00281_mass_LEFT_MLO_1-198.png,poisson,median,/app/data/processed/noisy/poisson/P_00281_mass_LEFT_MLO_1-198.png,/app/data/processed/denoised/median/poisson_P_00281_mass_LEFT_MLO_1-198.png
P_00281,mass,LEFT,MLO,BENIGN,0,train,/app/data/raw/CBIS_DDSM/jpeg/1.3.6.1.4.1.9590.100.1.2.100682860911308271813943300011840547108/1-198.jpg,/app/data/processed/normalized/P_00281_mass_LEFT_MLO_1-198.png,/app/data/processed/contrast/P_00281_mass_LEFT_MLO_1-198.png,/app/data/processed/sharpened/P_00281_mass_LEFT_MLO_1-198.png,poisson,gaussian,/app/data/processed/noisy/poisson/P_00281_mass_LEFT_MLO_1-198.png,/app/data/processed/denoised/gaussian/poisson_P_00281_mass_LEFT_MLO_1-198.png
P_00281,mass,LEFT,MLO,BENIGN,0,train,/app/data/raw/CBIS_DDSM/jpeg/1.3.6.1.4.1.9590.100.1.2.100682860911308271813943300011840547108/1-198.jpg,/app/data/processed/normalized/P_00281_mass_LEFT_MLO_1-198.png,/app/data/processed/contrast/P_00281_mass_LEFT_MLO_1-198.png,/app/data/processed/sharpened/P_00281_mass_LEFT_MLO_1-198.png,poisson,wiener,/app/data/processed/noisy/poisson/P_00281_mass_LEFT_MLO_1-198.png,/app/data/processed/denoised/wiener/poisson_P_00281_mass_LEFT_MLO_1-198.png
P_00281,mass,LEFT,MLO,BENIGN,0,train,/app/data/raw/CBIS_DDSM/jpeg/1.3.6.1.4.1.9590.100.1.2.100682860911308271813943300011840547108/1-198.jpg,/app/data/processed/normalized/P_00281_mass_LEFT_MLO_1-198.png,/app/data/processed/contrast/P_00281_mass_LEFT_MLO_1-198.png,/app/data/processed/sharpened/P_00281_mass_LEFT_MLO_1-198.png,poisson,bilateral,/app/data/processed/noisy/poisson/P_00281_mass_LEFT_MLO_1-198.png,/app/data/processed/denoised/bilateral/poisson_P_00281_mass_LEFT_MLO_1-198.png
P_00281,mass,LEFT,MLO,BENIGN,0,train,/app/data/raw/CBIS_DDSM/jpeg/1.3.6.1.4.1.9590.100.1.2.100682860911308271813943300011840547108/1-198.jpg,/app/data/processed/normalized/P_00281_mass_LEFT_MLO_1-198.png,/app/data/processed/contrast/P_00281_mass_LEFT_MLO_1-198.png,/app/data/processed/sharpened/P_00281_mass_LEFT_MLO_1-198.png,poisson,non_local_means,/app/data/processed/noisy/poisson/P_00281_mass_LEFT_MLO_1-198.png,/app/data/processed/denoised/non_local_means/poisson_P_00281_mass_LEFT_MLO_1-198.png
P_00281,mass,LEFT,MLO,BENIGN,0,train,/app/data/raw/CBIS_DDSM/jpeg/1.3.6.1.4.1.9590.100.1.2.100682860911308271813943300011840547108/1-198.jpg,/app/data/processed/normalized/P_00281_mass_LEFT_MLO_1-198.png,/app/data/processed/contrast/P_00281_mass_LEFT_MLO_1-198.png,/app/data/processed/sharpened/P_00281_mass_LEFT_MLO_1-198.png,poisson,anscombe_wiener,/app/data/processed/noisy/poisson/P_00281_mass_LEFT_MLO_1-198.png,/app/data/processed/denoised/anscombe_wiener/poisson_P_00281_mass_LEFT_MLO_1-198.png
P_00281,mass,LEFT,MLO,BENIGN,0,train,/app/data/raw/CBIS_DDSM/jpeg/1.3.6.1.4.1.9590.100.1.2.100682860911308271813943300011840547108/1-198.jpg,/app/data/processed/normalized/P_00281_mass_LEFT_MLO_1-198.png,/app/data/processed/contrast/P_00281_mass_LEFT_MLO_1-198.png,/app/data/processed/sharpened/P_00281_mass_LEFT_MLO_1-198.png,poisson,adaptive_median,/app/data/processed/noisy/poisson/P_00281_mass_LEFT_MLO_1-198.png,/app/data/processed/denoised/adaptive_median/poisson_P_00281_mass_LEFT_MLO_1-198.png
P_00281,mass,LEFT,MLO,BENIGN,0,train,/app/data/raw/CBIS_DDSM/jpeg/1.3.6.1.4.1.9590.100.1.2.100682860911308271813943300011840547108/1-198.jpg,/app/data/processed/normalized/P_00281_mass_LEFT_MLO_1-198.png,/app/data/processed/contrast/P_00281_mass_LEFT_MLO_1-198.png,/app/data/processed/sharpened/P_00281_mass_LEFT_MLO_1-198.png,poisson,kuan,/app/data/processed/noisy/poisson/P_00281_mass_LEFT_MLO_1-198.png,/app/data/processed/denoised/kuan/poisson_P_00281_mass_LEFT_MLO_1-198.png
P_00281,mass,LEFT,MLO,BENIGN,0,train,/app/data/raw/CBIS_DDSM/jpeg/1.3.6.1.4.1.9590.100.1.2.100682860911308271813943300011840547108/1-198.jpg,/app/data/processed/normalized/P_00281_mass_LEFT_MLO_1-198.png,/app/data/processed/contrast/P_00281_mass_LEFT_MLO_1-198.png,/app/data/processed/sharpened/P_00281_mass_LEFT_MLO_1-198.png,mixed_poisson_gaussian,median,/app/data/processed/noisy/mixed_poisson_gaussian/P_00281_mass_LEFT_MLO_1-198.png,/app/data/processed/denoised/median/mixed_poisson_gaussian_P_00281_mass_LEFT_MLO_1-198.png
P_00281,mass,LEFT,MLO,BENIGN,0,train,/app/data/raw/CBIS_DDSM/jpeg/1.3.6.1.4.1.9590.100.1.2.100682860911308271813943300011840547108/1-198.jpg,/app/data/processed/normalized/P_00281_mass_LEFT_MLO_1-198.png,/app/data/processed/contrast/P_00281_mass_LEFT_MLO_1-198.png,/app/data/processed/sharpened/P_00281_mass_LEFT_MLO_1-198.png,mixed_poisson_gaussian,gaussian,/app/data/processed/noisy/mixed_poisson_gaussian/P_00281_mass_LEFT_MLO_1-198.png,/app/data/processed/denoised/gaussian/mixed_poisson_gaussian_P_00281_mass_LEFT_MLO_1-198.png
P_00281,mass,LEFT,MLO,BENIGN,0,train,/app/data/raw/CBIS_DDSM/jpeg/1.3.6.1.4.1.9590.100.1.2.100682860911308271813943300011840547108/1-198.jpg,/app/data/processed/normalized/P_00281_mass_LEFT_MLO_1-198.png,/app/data/processed/contrast/P_00281_mass_LEFT_MLO_1-198.png,/app/data/processed/sharpened/P_00281_mass_LEFT_MLO_1-198.png,mixed_poisson_gaussian,wiener,/app/data/processed/noisy/mixed_poisson_gaussian/P_00281_mass_LEFT_MLO_1-198.png,/app/data/processed/denoised/wiener/mixed_poisson_gaussian_P_00281_mass_LEFT_MLO_1-198.png
P_00281,mass,LEFT,MLO,BENIGN,0,train,/app/data/raw/CBIS_DDSM/jpeg/1.3.6.1.4.1.9590.100.1.2.100682860911308271813943300011840547108/1-198.jpg,/app/data/processed/normalized/P_00281_mass_LEFT_MLO_1-198.png,/app/data/processed/contrast/P_00281_mass_LEFT_MLO_1-198.png,/app/data/processed/sharpened/P_00281_mass_LEFT_MLO_1-198.png,mixed_poisson_gaussian,bilateral,/app/data/processed/noisy/mixed_poisson_gaussian/P_00281_mass_LEFT_MLO_1-198.png,/app/data/processed/denoised/bilateral/mixed_poisson_gaussian_P_00281_mass_LEFT_MLO_1-198.png
P_00281,mass,LEFT,MLO,BENIGN,0,train,/app/data/raw/CBIS_DDSM/jpeg/1.3.6.1.4.1.9590.100.1.2.100682860911308271813943300011840547108/1-198.jpg,/app/data/processed/normalized/P_00281_mass_LEFT_MLO_1-198.png,/app/data/processed/contrast/P_00281_mass_LEFT_MLO_1-198.png,/app/data/processed/sharpened/P_00281_mass_LEFT_MLO_1-198.png,mixed_poisson_gaussian,non_local_means,/app/data/processed/noisy/mixed_poisson_gaussian/P_00281_mass_LEFT_MLO_1-198.png,/app/data/processed/denoised/non_local_means/mixed_poisson_gaussian_P_00281_mass_LEFT_MLO_1-198.png
P_00281,mass,LEFT,MLO,BENIGN,0,train,/app/data/raw/CBIS_DDSM/jpeg/1.3.6.1.4.1.9590.100.1.2.100682860911308271813943300011840547108/1-198.jpg,/app/data/processed/normalized/P_00281_mass_LEFT_MLO_1-198.png,/app/data/processed/contrast/P_00281_mass_LEFT_MLO_1-198.png,/app/data/processed/sharpened/P_00281_mass_LEFT_MLO_1-198.png,mixed_poisson_gaussian,anscombe_wiener,/app/data/processed/noisy/mixed_poisson_gaussian/P_00281_mass_LEFT_MLO_1-198.png,/app/data/processed/denoised/anscombe_wiener/mixed_poisson_gaussian_P_00281_mass_LEFT_MLO_1-198.png
P_00281,mass,LEFT,MLO,BENIGN,0,train,/app/data/raw/CBIS_DDSM/jpeg/1.3.6.1.4.1.9590.100.1.2.100682860911308271813943300011840547108/1-198.jpg,/app/data/processed/normalized/P_00281_mass_LEFT_MLO_1-198.png,/app/data/processed/contrast/P_00281_mass_LEFT_MLO_1-198.png,/app/data/processed/sharpened/P_00281_mass_LEFT_MLO_1-198.png,mixed_poisson_gaussian,adaptive_median,/app/data/processed/noisy/mixed_poisson_gaussian/P_00281_mass_LEFT_MLO_1-198.png,/app/data/processed/denoised/adaptive_median/mixed_poisson_gaussian_P_00281_mass_LEFT_MLO_1-198.png
P_00281,mass,LEFT,MLO,BENIGN,0,train,/app/data/raw/CBIS_DDSM/jpeg/1.3.6.1.4.1.9590.100.1.2.100682860911308271813943300011840547108/1-198.jpg,/app/data/processed/normalized/P_00281_mass_LEFT_MLO_1-198.png,/app/data/processed/contrast/P_00281_mass_LEFT_MLO_1-198.png,/app/data/processed/sharpened/P_00281_mass_LEFT_MLO_1-198.png,mixed_poisson_gaussian,kuan,/app/data/processed/noisy/mixed_poisson_gaussian/P_00281_mass_LEFT_MLO_1-198.png,/app/data/processed/denoised/kuan/mixed_poisson_gaussian_P_00281_mass_LEFT_MLO_1-198.png
P_00351,mass,LEFT,MLO,BENIGN,0,train,/app/data/raw/CBIS_DDSM/jpeg/1.3.6.1.4.1.9590.100.1.2.101493470410482092525730380153954599203/1-257.jpg,/app/data/processed/normalized/P_00351_mass_LEFT_MLO_1-257.png,/app/data/processed/contrast/P_00351_mass_LEFT_MLO_1-257.png,/app/data/processed/sharpened/P_00351_mass_LEFT_MLO_1-257.png,gaussian,median,/app/data/processed/noisy/gaussian/P_00351_mass_LEFT_MLO_1-257.png,/app/data/processed/denoised/median/gaussian_P_00351_mass_LEFT_MLO_1-257.png
P_00351,mass,LEFT,MLO,BENIGN,0,train,/app/data/raw/CBIS_DDSM/jpeg/1.3.6.1.4.1.9590.100.1.2.101493470410482092525730380153954599203/1-257.jpg,/app/data/processed/normalized/P_00351_mass_LEFT_MLO_1-257.png,/app/data/processed/contrast/P_00351_mass_LEFT_MLO_1-257.png,/app/data/processed/sharpened/P_00351_mass_LEFT_MLO_1-257.png,gaussian,gaussian,/app/data/processed/noisy/gaussian/P_00351_mass_LEFT_MLO_1-257.png,/app/data/processed/denoised/gaussian/gaussian_P_00351_mass_LEFT_MLO_1-257.png
P_00351,mass,LEFT,MLO,BENIGN,0,train,/app/data/raw/CBIS_DDSM/jpeg/1.3.6.1.4.1.9590.100.1.2.101493470410482092525730380153954599203/1-257.jpg,/app/data/processed/normalized/P_00351_mass_LEFT_MLO_1-257.png,/app/data/processed/contrast/P_00351_mass_LEFT_MLO_1-257.png,/app/data/processed/sharpened/P_00351_mass_LEFT_MLO_1-257.png,gaussian,wiener,/app/data/processed/noisy/gaussian/P_00351_mass_LEFT_MLO_1-257.png,/app/data/processed/denoised/wiener/gaussian_P_00351_mass_LEFT_MLO_1-257.png
P_00351,mass,LEFT,MLO,BENIGN,0,train,/app/data/raw/CBIS_DDSM/jpeg/1.3.6.1.4.1.9590.100.1.2.101493470410482092525730380153954599203/1-257.jpg,/app/data/processed/normalized/P_00351_mass_LEFT_MLO_1-257.png,/app/data/processed/contrast/P_00351_mass_LEFT_MLO_1-257.png,/app/data/processed/sharpened/P_00351_mass_LEFT_MLO_1-257.png,gaussian,bilateral,/app/data/processed/noisy/gaussian/P_00351_mass_LEFT_MLO_1-257.png,/app/data/processed/denoised/bilateral/gaussian_P_00351_mass_LEFT_MLO_1-257.png
P_00351,mass,LEFT,MLO,BENIGN,0,train,/app/data/raw/CBIS_DDSM/jpeg/1.3.6.1.4.1.9590.100.1.2.101493470410482092525730380153954599203/1-257.jpg,/app/data/processed/normalized/P_00351_mass_LEFT_MLO_1-257.png,/app/data/processed/contrast/P_00351_mass_LEFT_MLO_1-257.png,/app/data/processed/sharpened/P_00351_mass_LEFT_MLO_1-257.png,gaussian,non_local_means,/app/data/processed/noisy/gaussian/P_00351_mass_LEFT_MLO_1-257.png,/app/data/processed/denoised/non_local_means/gaussian_P_00351_mass_LEFT_MLO_1-257.png
P_00351,mass,LEFT,MLO,BENIGN,0,train,/app/data/raw/CBIS_DDSM/jpeg/1.3.6.1.4.1.9590.100.1.2.101493470410482092525730380153954599203/1-257.jpg,/app/data/processed/normalized/P_00351_mass_LEFT_MLO_1-257.png,/app/data/processed/contrast/P_00351_mass_LEFT_MLO_1-257.png,/app/data/processed/sharpened/P_00351_mass_LEFT_MLO_1-257.png,gaussian,anscombe_wiener,/app/data/processed/noisy/gaussian/P_00351_mass_LEFT_MLO_1-257.png,/app/data/processed/denoised/anscombe_wiener/gaussian_P_00351_mass_LEFT_MLO_1-257.png
P_00351,mass,LEFT,MLO,BENIGN,0,train,/app/data/raw/CBIS_DDSM/jpeg/1.3.6.1.4.1.9590.100.1.2.101493470410482092525730380153954599203/1-257.jpg,/app/data/processed/normalized/P_00351_mass_LEFT_MLO_1-257.png,/app/data/processed/contrast/P_00351_mass_LEFT_MLO_1-257.png,/app/data/processed/sharpened/P_00351_mass_LEFT_MLO_1-257.png,gaussian,adaptive_median,/app/data/processed/noisy/gaussian/P_00351_mass_LEFT_MLO_1-257.png,/app/data/processed/denoised/adaptive_median/gaussian_P_00351_mass_LEFT_MLO_1-257.png
P_00351,mass,LEFT,MLO,BENIGN,0,train,/app/data/raw/CBIS_DDSM/jpeg/1.3.6.1.4.1.9590.100.1.2.101493470410482092525730380153954599203/1-257.jpg,/app/data/processed/normalized/P_00351_mass_LEFT_MLO_1-257.png,/app/data/processed/contrast/P_00351_mass_LEFT_MLO_1-257.png,/app/data/processed/sharpened/P_00351_mass_LEFT_MLO_1-257.png,gaussian,kuan,/app/data/processed/noisy/gaussian/P_00351_mass_LEFT_MLO_1-257.png,/app/data/processed/denoised/kuan/gaussian_P_00351_mass_LEFT_MLO_1-257.png
P_00351,mass,LEFT,MLO,BENIGN,0,train,/app/data/raw/CBIS_DDSM/jpeg/1.3.6.1.4.1.9590.100.1.2.101493470410482092525730380153954599203/1-257.jpg,/app/data/processed/normalized/P_00351_mass_LEFT_MLO_1-257.png,/app/data/processed/contrast/P_00351_mass_LEFT_MLO_1-257.png,/app/data/processed/sharpened/P_00351_mass_LEFT_MLO_1-257.png,salt_pepper,median,/app/data/processed/noisy/salt_pepper/P_00351_mass_LEFT_MLO_1-257.png,/app/data/processed/denoised/median/salt_pepper_P_00351_mass_LEFT_MLO_1-257.png
P_00351,mass,LEFT,MLO,BENIGN,0,train,/app/data/raw/CBIS_DDSM/jpeg/1.3.6.1.4.1.9590.100.1.2.101493470410482092525730380153954599203/1-257.jpg,/app/data/processed/normalized/P_00351_mass_LEFT_MLO_1-257.png,/app/data/processed/contrast/P_00351_mass_LEFT_MLO_1-257.png,/app/data/processed/sharpened/P_00351_mass_LEFT_MLO_1-257.png,salt_pepper,gaussian,/app/data/processed/noisy/salt_pepper/P_00351_mass_LEFT_MLO_1-257.png,/app/data/processed/denoised/gaussian/salt_pepper_P_00351_mass_LEFT_MLO_1-257.png
P_00351,mass,LEFT,MLO,BENIGN,0,train,/app/data/raw/CBIS_DDSM/jpeg/1.3.6.1.4.1.9590.100.1.2.101493470410482092525730380153954599203/1-257.jpg,/app/data/processed/normalized/P_00351_mass_LEFT_MLO_1-257.png,/app/data/processed/contrast/P_00351_mass_LEFT_MLO_1-257.png,/app/data/processed/sharpened/P_00351_mass_LEFT_MLO_1-257.png,salt_pepper,wiener,/app/data/processed/noisy/salt_pepper/P_00351_mass_LEFT_MLO_1-257.png,/app/data/processed/denoised/wiener/salt_pepper_P_00351_mass_LEFT_MLO_1-257.png
P_00351,mass,LEFT,MLO,BENIGN,0,train,/app/data/raw/CBIS_DDSM/jpeg/1.3.6.1.4.1.9590.100.1.2.101493470410482092525730380153954599203/1-257.jpg,/app/data/processed/normalized/P_00351_mass_LEFT_MLO_1-257.png,/app/data/processed/contrast/P_00351_mass_LEFT_MLO_1-257.png,/app/data/processed/sharpened/P_00351_mass_LEFT_MLO_1-257.png,salt_pepper,bilateral,/app/data/processed/noisy/salt_pepper/P_00351_mass_LEFT_MLO_1-257.png,/app/data/processed/denoised/bilateral/salt_pepper_P_00351_mass_LEFT_MLO_1-257.png
P_00351,mass,LEFT,MLO,BENIGN,0,train,/app/data/raw/CBIS_DDSM/jpeg/1.3.6.1.4.1.9590.100.1.2.101493470410482092525730380153954599203/1-257.jpg,/app/data/processed/normalized/P_00351_mass_LEFT_MLO_1-257.png,/app/data/processed/contrast/P_00351_mass_LEFT_MLO_1-257.png,/app/data/processed/sharpened/P_00351_mass_LEFT_MLO_1-257.png,salt_pepper,non_local_means,/app/data/processed/noisy/salt_pepper/P_00351_mass_LEFT_MLO_1-257.png,/app/data/processed/denoised/non_local_means/salt_pepper_P_00351_mass_LEFT_MLO_1-257.png
P_00351,mass,LEFT,MLO,BENIGN,0,train,/app/data/raw/CBIS_DDSM/jpeg/1.3.6.1.4.1.9590.100.1.2.101493470410482092525730380153954599203/1-257.jpg,/app/data/processed/normalized/P_00351_mass_LEFT_MLO_1-257.png,/app/data/processed/contrast/P_00351_mass_LEFT_MLO_1-257.png,/app/data/processed/sharpened/P_00351_mass_LEFT_MLO_1-257.png,salt_pepper,anscombe_wiener,/app/data/processed/noisy/salt_pepper/P_00351_mass_LEFT_MLO_1-257.png,/app/data/processed/denoised/anscombe_wiener/salt_pepper_P_00351_mass_LEFT_MLO_1-257.png
P_00351,mass,LEFT,MLO,BENIGN,0,train,/app/data/raw/CBIS_DDSM/jpeg/1.3.6.1.4.1.9590.100.1.2.101493470410482092525730380153954599203/1-257.jpg,/app/data/processed/normalized/P_00351_mass_LEFT_MLO_1-257.png,/app/data/processed/contrast/P_00351_mass_LEFT_MLO_1-257.png,/app/data/processed/sharpened/P_00351_mass_LEFT_MLO_1-257.png,salt_pepper,adaptive_median,/app/data/processed/noisy/salt_pepper/P_00351_mass_LEFT_MLO_1-257.png,/app/data/processed/denoised/adaptive_median/salt_pepper_P_00351_mass_LEFT_MLO_1-257.png
P_00351,mass,LEFT,MLO,BENIGN,0,train,/app/data/raw/CBIS_DDSM/jpeg/1.3.6.1.4.1.9590.100.1.2.101493470410482092525730380153954599203/1-257.jpg,/app/data/processed/normalized/P_00351_mass_LEFT_MLO_1-257.png,/app/data/processed/contrast/P_00351_mass_LEFT_MLO_1-257.png,/app/data/processed/sharpened/P_00351_mass_LEFT_MLO_1-257.png,salt_pepper,kuan,/app/data/processed/noisy/salt_pepper/P_00351_mass_LEFT_MLO_1-257.png,/app/data/processed/denoised/kuan/salt_pepper_P_00351_mass_LEFT_MLO_1-257.png
P_00351,mass,LEFT,MLO,BENIGN,0,train,/app/data/raw/CBIS_DDSM/jpeg/1.3.6.1.4.1.9590.100.1.2.101493470410482092525730380153954599203/1-257.jpg,/app/data/processed/normalized/P_00351_mass_LEFT_MLO_1-257.png,/app/data/processed/contrast/P_00351_mass_LEFT_MLO_1-257.png,/app/data/processed/sharpened/P_00351_mass_LEFT_MLO_1-257.png,speckle,median,/app/data/processed/noisy/speckle/P_00351_mass_LEFT_MLO_1-257.png,/app/data/processed/denoised/median/speckle_P_00351_mass_LEFT_MLO_1-257.png
P_00351,mass,LEFT,MLO,BENIGN,0,train,/app/data/raw/CBIS_DDSM/jpeg/1.3.6.1.4.1.9590.100.1.2.101493470410482092525730380153954599203/1-257.jpg,/app/data/processed/normalized/P_00351_mass_LEFT_MLO_1-257.png,/app/data/processed/contrast/P_00351_mass_LEFT_MLO_1-257.png,/app/data/processed/sharpened/P_00351_mass_LEFT_MLO_1-257.png,speckle,gaussian,/app/data/processed/noisy/speckle/P_00351_mass_LEFT_MLO_1-257.png,/app/data/processed/denoised/gaussian/speckle_P_00351_mass_LEFT_MLO_1-257.png
P_00351,mass,LEFT,MLO,BENIGN,0,train,/app/data/raw/CBIS_DDSM/jpeg/1.3.6.1.4.1.9590.100.1.2.101493470410482092525730380153954599203/1-257.jpg,/app/data/processed/normalized/P_00351_mass_LEFT_MLO_1-257.png,/app/data/processed/contrast/P_00351_mass_LEFT_MLO_1-257.png,/app/data/processed/sharpened/P_00351_mass_LEFT_MLO_1-257.png,speckle,wiener,/app/data/processed/noisy/speckle/P_00351_mass_LEFT_MLO_1-257.png,/app/data/processed/denoised/wiener/speckle_P_00351_mass_LEFT_MLO_1-257.png
P_00351,mass,LEFT,MLO,BENIGN,0,train,/app/data/raw/CBIS_DDSM/jpeg/1.3.6.1.4.1.9590.100.1.2.101493470410482092525730380153954599203/1-257.jpg,/app/data/processed/normalized/P_00351_mass_LEFT_MLO_1-257.png,/app/data/processed/contrast/P_00351_mass_LEFT_MLO_1-257.png,/app/data/processed/sharpened/P_00351_mass_LEFT_MLO_1-257.png,speckle,bilateral,/app/data/processed/noisy/speckle/P_00351_mass_LEFT_MLO_1-257.png,/app/data/processed/denoised/bilateral/speckle_P_00351_mass_LEFT_MLO_1-257.png
P_00351,mass,LEFT,MLO,BENIGN,0,train,/app/data/raw/CBIS_DDSM/jpeg/1.3.6.1.4.1.9590.100.1.2.101493470410482092525730380153954599203/1-257.jpg,/app/data/processed/normalized/P_00351_mass_LEFT_MLO_1-257.png,/app/data/processed/contrast/P_00351_mass_LEFT_MLO_1-257.png,/app/data/processed/sharpened/P_00351_mass_LEFT_MLO_1-257.png,speckle,non_local_means,/app/data/processed/noisy/speckle/P_00351_mass_LEFT_MLO_1-257.png,/app/data/processed/denoised/non_local_means/speckle_P_00351_mass_LEFT_MLO_1-257.png
P_00351,mass,LEFT,MLO,BENIGN,0,train,/app/data/raw/CBIS_DDSM/jpeg/1.3.6.1.4.1.9590.100.1.2.101493470410482092525730380153954599203/1-257.jpg,/app/data/processed/normalized/P_00351_mass_LEFT_MLO_1-257.png,/app/data/processed/contrast/P_00351_mass_LEFT_MLO_1-257.png,/app/data/processed/sharpened/P_00351_mass_LEFT_MLO_1-257.png,speckle,anscombe_wiener,/app/data/processed/noisy/speckle/P_00351_mass_LEFT_MLO_1-257.png,/app/data/processed/denoised/anscombe_wiener/speckle_P_00351_mass_LEFT_MLO_1-257.png
P_00351,mass,LEFT,MLO,BENIGN,0,train,/app/data/raw/CBIS_DDSM/jpeg/1.3.6.1.4.1.9590.100.1.2.101493470410482092525730380153954599203/1-257.jpg,/app/data/processed/normalized/P_00351_mass_LEFT_MLO_1-257.png,/app/data/processed/contrast/P_00351_mass_LEFT_MLO_1-257.png,/app/data/processed/sharpened/P_00351_mass_LEFT_MLO_1-257.png,speckle,adaptive_median,/app/data/processed/noisy/speckle/P_00351_mass_LEFT_MLO_1-257.png,/app/data/processed/denoised/adaptive_median/speckle_P_00351_mass_LEFT_MLO_1-257.png
P_00351,mass,LEFT,MLO,BENIGN,0,train,/app/data/raw/CBIS_DDSM/jpeg/1.3.6.1.4.1.9590.100.1.2.101493470410482092525730380153954599203/1-257.jpg,/app/data/processed/normalized/P_00351_mass_LEFT_MLO_1-257.png,/app/data/processed/contrast/P_00351_mass_LEFT_MLO_1-257.png,/app/data/processed/sharpened/P_00351_mass_LEFT_MLO_1-257.png,speckle,kuan,/app/data/processed/noisy/speckle/P_00351_mass_LEFT_MLO_1-257.png,/app/data/processed/denoised/kuan/speckle_P_00351_mass_LEFT_MLO_1-257.png
P_00351,mass,LEFT,MLO,BENIGN,0,train,/app/data/raw/CBIS_DDSM/jpeg/1.3.6.1.4.1.9590.100.1.2.101493470410482092525730380153954599203/1-257.jpg,/app/data/processed/normalized/P_00351_mass_LEFT_MLO_1-257.png,/app/data/processed/contrast/P_00351_mass_LEFT_MLO_1-257.png,/app/data/processed/sharpened/P_00351_mass_LEFT_MLO_1-257.png,poisson,median,/app/data/processed/noisy/poisson/P_00351_mass_LEFT_MLO_1-257.png,/app/data/processed/denoised/median/poisson_P_00351_mass_LEFT_MLO_1-257.png
P_00351,mass,LEFT,MLO,BENIGN,0,train,/app/data/raw/CBIS_DDSM/jpeg/1.3.6.1.4.1.9590.100.1.2.101493470410482092525730380153954599203/1-257.jpg,/app/data/processed/normalized/P_00351_mass_LEFT_MLO_1-257.png,/app/data/processed/contrast/P_00351_mass_LEFT_MLO_1-257.png,/app/data/processed/sharpened/P_00351_mass_LEFT_MLO_1-257.png,poisson,gaussian,/app/data/processed/noisy/poisson/P_00351_mass_LEFT_MLO_1-257.png,/app/data/processed/denoised/gaussian/poisson_P_00351_mass_LEFT_MLO_1-257.png
P_00351,mass,LEFT,MLO,BENIGN,0,train,/app/data/raw/CBIS_DDSM/jpeg/1.3.6.1.4.1.9590.100.1.2.101493470410482092525730380153954599203/1-257.jpg,/app/data/processed/normalized/P_00351_mass_LEFT_MLO_1-257.png,/app/data/processed/contrast/P_00351_mass_LEFT_MLO_1-257.png,/app/data/processed/sharpened/P_00351_mass_LEFT_MLO_1-257.png,poisson,wiener,/app/data/processed/noisy/poisson/P_00351_mass_LEFT_MLO_1-257.png,/app/data/processed/denoised/wiener/poisson_P_00351_mass_LEFT_MLO_1-257.png
P_00351,mass,LEFT,MLO,BENIGN,0,train,/app/data/raw/CBIS_DDSM/jpeg/1.3.6.1.4.1.9590.100.1.2.101493470410482092525730380153954599203/1-257.jpg,/app/data/processed/normalized/P_00351_mass_LEFT_MLO_1-257.png,/app/data/processed/contrast/P_00351_mass_LEFT_MLO_1-257.png,/app/data/processed/sharpened/P_00351_mass_LEFT_MLO_1-257.png,poisson,bilateral,/app/data/processed/noisy/poisson/P_00351_mass_LEFT_MLO_1-257.png,/app/data/processed/denoised/bilateral/poisson_P_00351_mass_LEFT_MLO_1-257.png
P_00351,mass,LEFT,MLO,BENIGN,0,train,/app/data/raw/CBIS_DDSM/jpeg/1.3.6.1.4.1.9590.100.1.2.101493470410482092525730380153954599203/1-257.jpg,/app/data/processed/normalized/P_00351_mass_LEFT_MLO_1-257.png,/app/data/processed/contrast/P_00351_mass_LEFT_MLO_1-257.png,/app/data/processed/sharpened/P_00351_mass_LEFT_MLO_1-257.png,poisson,non_local_means,/app/data/processed/noisy/poisson/P_00351_mass_LEFT_MLO_1-257.png,/app/data/processed/denoised/non_local_means/poisson_P_00351_mass_LEFT_MLO_1-257.png
P_00351,mass,LEFT,MLO,BENIGN,0,train,/app/data/raw/CBIS_DDSM/jpeg/1.3.6.1.4.1.9590.100.1.2.101493470410482092525730380153954599203/1-257.jpg,/app/data/processed/normalized/P_00351_mass_LEFT_MLO_1-257.png,/app/data/processed/contrast/P_00351_mass_LEFT_MLO_1-257.png,/app/data/processed/sharpened/P_00351_mass_LEFT_MLO_1-257.png,poisson,anscombe_wiener,/app/data/processed/noisy/poisson/P_00351_mass_LEFT_MLO_1-257.png,/app/data/processed/denoised/anscombe_wiener/poisson_P_00351_mass_LEFT_MLO_1-257.png
P_00351,mass,LEFT,MLO,BENIGN,0,train,/app/data/raw/CBIS_DDSM/jpeg/1.3.6.1.4.1.9590.100.1.2.101493470410482092525730380153954599203/1-257.jpg,/app/data/processed/normalized/P_00351_mass_LEFT_MLO_1-257.png,/app/data/processed/contrast/P_00351_mass_LEFT_MLO_1-257.png,/app/data/processed/sharpened/P_00351_mass_LEFT_MLO_1-257.png,poisson,adaptive_median,/app/data/processed/noisy/poisson/P_00351_mass_LEFT_MLO_1-257.png,/app/data/processed/denoised/adaptive_median/poisson_P_00351_mass_LEFT_MLO_1-257.png
P_00351,mass,LEFT,MLO,BENIGN,0,train,/app/data/raw/CBIS_DDSM/jpeg/1.3.6.1.4.1.9590.100.1.2.101493470410482092525730380153954599203/1-257.jpg,/app/data/processed/normalized/P_00351_mass_LEFT_MLO_1-257.png,/app/data/processed/contrast/P_00351_mass_LEFT_MLO_1-257.png,/app/data/processed/sharpened/P_00351_mass_LEFT_MLO_1-257.png,poisson,kuan,/app/data/processed/noisy/poisson/P_00351_mass_LEFT_MLO_1-257.png,/app/data/processed/denoised/kuan/poisson_P_00351_mass_LEFT_MLO_1-257.png
P_00351,mass,LEFT,MLO,BENIGN,0,train,/app/data/raw/CBIS_DDSM/jpeg/1.3.6.1.4.1.9590.100.1.2.101493470410482092525730380153954599203/1-257.jpg,/app/data/processed/normalized/P_00351_mass_LEFT_MLO_1-257.png,/app/data/processed/contrast/P_00351_mass_LEFT_MLO_1-257.png,/app/data/processed/sharpened/P_00351_mass_LEFT_MLO_1-257.png,mixed_poisson_gaussian,median,/app/data/processed/noisy/mixed_poisson_gaussian/P_00351_mass_LEFT_MLO_1-257.png,/app/data/processed/denoised/median/mixed_poisson_gaussian_P_00351_mass_LEFT_MLO_1-257.png
P_00351,mass,LEFT,MLO,BENIGN,0,train,/app/data/raw/CBIS_DDSM/jpeg/1.3.6.1.4.1.9590.100.1.2.101493470410482092525730380153954599203/1-257.jpg,/app/data/processed/normalized/P_00351_mass_LEFT_MLO_1-257.png,/app/data/processed/contrast/P_00351_mass_LEFT_MLO_1-257.png,/app/data/processed/sharpened/P_00351_mass_LEFT_MLO_1-257.png,mixed_poisson_gaussian,gaussian,/app/data/processed/noisy/mixed_poisson_gaussian/P_00351_mass_LEFT_MLO_1-257.png,/app/data/processed/denoised/gaussian/mixed_poisson_gaussian_P_00351_mass_LEFT_MLO_1-257.png
P_00351,mass,LEFT,MLO,BENIGN,0,train,/app/data/raw/CBIS_DDSM/jpeg/1.3.6.1.4.1.9590.100.1.2.101493470410482092525730380153954599203/1-257.jpg,/app/data/processed/normalized/P_00351_mass_LEFT_MLO_1-257.png,/app/data/processed/contrast/P_00351_mass_LEFT_MLO_1-257.png,/app/data/processed/sharpened/P_00351_mass_LEFT_MLO_1-257.png,mixed_poisson_gaussian,wiener,/app/data/processed/noisy/mixed_poisson_gaussian/P_00351_mass_LEFT_MLO_1-257.png,/app/data/processed/denoised/wiener/mixed_poisson_gaussian_P_00351_mass_LEFT_MLO_1-257.png
P_00351,mass,LEFT,MLO,BENIGN,0,train,/app/data/raw/CBIS_DDSM/jpeg/1.3.6.1.4.1.9590.100.1.2.101493470410482092525730380153954599203/1-257.jpg,/app/data/processed/normalized/P_00351_mass_LEFT_MLO_1-257.png,/app/data/processed/contrast/P_00351_mass_LEFT_MLO_1-257.png,/app/data/processed/sharpened/P_00351_mass_LEFT_MLO_1-257.png,mixed_poisson_gaussian,bilateral,/app/data/processed/noisy/mixed_poisson_gaussian/P_00351_mass_LEFT_MLO_1-257.png,/app/data/processed/denoised/bilateral/mixed_poisson_gaussian_P_00351_mass_LEFT_MLO_1-257.png
P_00351,mass,LEFT,MLO,BENIGN,0,train,/app/data/raw/CBIS_DDSM/jpeg/1.3.6.1.4.1.9590.100.1.2.101493470410482092525730380153954599203/1-257.jpg,/app/data/processed/normalized/P_00351_mass_LEFT_MLO_1-257.png,/app/data/processed/contrast/P_00351_mass_LEFT_MLO_1-257.png,/app/data/processed/sharpened/P_00351_mass_LEFT_MLO_1-257.png,mixed_poisson_gaussian,non_local_means,/app/data/processed/noisy/mixed_poisson_gaussian/P_00351_mass_LEFT_MLO_1-257.png,/app/data/processed/denoised/non_local_means/mixed_poisson_gaussian_P_00351_mass_LEFT_MLO_1-257.png
P_00351,mass,LEFT,MLO,BENIGN,0,train,/app/data/raw/CBIS_DDSM/jpeg/1.3.6.1.4.1.9590.100.1.2.101493470410482092525730380153954599203/1-257.jpg,/app/data/processed/normalized/P_00351_mass_LEFT_MLO_1-257.png,/app/data/processed/contrast/P_00351_mass_LEFT_MLO_1-257.png,/app/data/processed/sharpened/P_00351_mass_LEFT_MLO_1-257.png,mixed_poisson_gaussian,anscombe_wiener,/app/data/processed/noisy/mixed_poisson_gaussian/P_00351_mass_LEFT_MLO_1-257.png,/app/data/processed/denoised/anscombe_wiener/mixed_poisson_gaussian_P_00351_mass_LEFT_MLO_1-257.png
P_00351,mass,LEFT,MLO,BENIGN,0,train,/app/data/raw/CBIS_DDSM/jpeg/1.3.6.1.4.1.9590.100.1.2.101493470410482092525730380153954599203/1-257.jpg,/app/data/processed/normalized/P_00351_mass_LEFT_MLO_1-257.png,/app/data/processed/contrast/P_00351_mass_LEFT_MLO_1-257.png,/app/data/processed/sharpened/P_00351_mass_LEFT_MLO_1-257.png,mixed_poisson_gaussian,adaptive_median,/app/data/processed/noisy/mixed_poisson_gaussian/P_00351_mass_LEFT_MLO_1-257.png,/app/data/processed/denoised/adaptive_median/mixed_poisson_gaussian_P_00351_mass_LEFT_MLO_1-257.png
P_00351,mass,LEFT,MLO,BENIGN,0,train,/app/data/raw/CBIS_DDSM/jpeg/1.3.6.1.4.1.9590.100.1.2.101493470410482092525730380153954599203/1-257.jpg,/app/data/processed/normalized/P_00351_mass_LEFT_MLO_1-257.png,/app/data/processed/contrast/P_00351_mass_LEFT_MLO_1-257.png,/app/data/processed/sharpened/P_00351_mass_LEFT_MLO_1-257.png,mixed_poisson_gaussian,kuan,/app/data/processed/noisy/mixed_poisson_gaussian/P_00351_mass_LEFT_MLO_1-257.png,/app/data/processed/denoised/kuan/mixed_poisson_gaussian_P_00351_mass_LEFT_MLO_1-257.png
P_00512,mass,RIGHT,CC,BENIGN,0,train,/app/data/raw/CBIS_DDSM/jpeg/1.3.6.1.4.1.9590.100.1.2.102616147513045377112164328153581806961/1-205.jpg,/app/data/processed/normalized/P_00512_mass_RIGHT_CC_1-205.png,/app/data/processed/contrast/P_00512_mass_RIGHT_CC_1-205.png,/app/data/processed/sharpened/P_00512_mass_RIGHT_CC_1-205.png,gaussian,median,/app/data/processed/noisy/gaussian/P_00512_mass_RIGHT_CC_1-205.png,/app/data/processed/denoised/median/gaussian_P_00512_mass_RIGHT_CC_1-205.png
P_00512,mass,RIGHT,CC,BENIGN,0,train,/app/data/raw/CBIS_DDSM/jpeg/1.3.6.1.4.1.9590.100.1.2.102616147513045377112164328153581806961/1-205.jpg,/app/data/processed/normalized/P_00512_mass_RIGHT_CC_1-205.png,/app/data/processed/contrast/P_00512_mass_RIGHT_CC_1-205.png,/app/data/processed/sharpened/P_00512_mass_RIGHT_CC_1-205.png,gaussian,gaussian,/app/data/processed/noisy/gaussian/P_00512_mass_RIGHT_CC_1-205.png,/app/data/processed/denoised/gaussian/gaussian_P_00512_mass_RIGHT_CC_1-205.png
P_00512,mass,RIGHT,CC,BENIGN,0,train,/app/data/raw/CBIS_DDSM/jpeg/1.3.6.1.4.1.9590.100.1.2.102616147513045377112164328153581806961/1-205.jpg,/app/data/processed/normalized/P_00512_mass_RIGHT_CC_1-205.png,/app/data/processed/contrast/P_00512_mass_RIGHT_CC_1-205.png,/app/data/processed/sharpened/P_00512_mass_RIGHT_CC_1-205.png,gaussian,wiener,/app/data/processed/noisy/gaussian/P_00512_mass_RIGHT_CC_1-205.png,/app/data/processed/denoised/wiener/gaussian_P_00512_mass_RIGHT_CC_1-205.png
P_00512,mass,RIGHT,CC,BENIGN,0,train,/app/data/raw/CBIS_DDSM/jpeg/1.3.6.1.4.1.9590.100.1.2.102616147513045377112164328153581806961/1-205.jpg,/app/data/processed/normalized/P_00512_mass_RIGHT_CC_1-205.png,/app/data/processed/contrast/P_00512_mass_RIGHT_CC_1-205.png,/app/data/processed/sharpened/P_00512_mass_RIGHT_CC_1-205.png,gaussian,bilateral,/app/data/processed/noisy/gaussian/P_00512_mass_RIGHT_CC_1-205.png,/app/data/processed/denoised/bilateral/gaussian_P_00512_mass_RIGHT_CC_1-205.png
P_00512,mass,RIGHT,CC,BENIGN,0,train,/app/data/raw/CBIS_DDSM/jpeg/1.3.6.1.4.1.9590.100.1.2.102616147513045377112164328153581806961/1-205.jpg,/app/data/processed/normalized/P_00512_mass_RIGHT_CC_1-205.png,/app/data/processed/contrast/P_00512_mass_RIGHT_CC_1-205.png,/app/data/processed/sharpened/P_00512_mass_RIGHT_CC_1-205.png,gaussian,non_local_means,/app/data/processed/noisy/gaussian/P_00512_mass_RIGHT_CC_1-205.png,/app/data/processed/denoised/non_local_means/gaussian_P_00512_mass_RIGHT_CC_1-205.png
P_00512,mass,RIGHT,CC,BENIGN,0,train,/app/data/raw/CBIS_DDSM/jpeg/1.3.6.1.4.1.9590.100.1.2.102616147513045377112164328153581806961/1-205.jpg,/app/data/processed/normalized/P_00512_mass_RIGHT_CC_1-205.png,/app/data/processed/contrast/P_00512_mass_RIGHT_CC_1-205.png,/app/data/processed/sharpened/P_00512_mass_RIGHT_CC_1-205.png,gaussian,anscombe_wiener,/app/data/processed/noisy/gaussian/P_00512_mass_RIGHT_CC_1-205.png,/app/data/processed/denoised/anscombe_wiener/gaussian_P_00512_mass_RIGHT_CC_1-205.png
P_00512,mass,RIGHT,CC,BENIGN,0,train,/app/data/raw/CBIS_DDSM/jpeg/1.3.6.1.4.1.9590.100.1.2.102616147513045377112164328153581806961/1-205.jpg,/app/data/processed/normalized/P_00512_mass_RIGHT_CC_1-205.png,/app/data/processed/contrast/P_00512_mass_RIGHT_CC_1-205.png,/app/data/processed/sharpened/P_00512_mass_RIGHT_CC_1-205.png,gaussian,adaptive_median,/app/data/processed/noisy/gaussian/P_00512_mass_RIGHT_CC_1-205.png,/app/data/processed/denoised/adaptive_median/gaussian_P_00512_mass_RIGHT_CC_1-205.png
P_00512,mass,RIGHT,CC,BENIGN,0,train,/app/data/raw/CBIS_DDSM/jpeg/1.3.6.1.4.1.9590.100.1.2.102616147513045377112164328153581806961/1-205.jpg,/app/data/processed/normalized/P_00512_mass_RIGHT_CC_1-205.png,/app/data/processed/contrast/P_00512_mass_RIGHT_CC_1-205.png,/app/data/processed/sharpened/P_00512_mass_RIGHT_CC_1-205.png,gaussian,kuan,/app/data/processed/noisy/gaussian/P_00512_mass_RIGHT_CC_1-205.png,/app/data/processed/denoised/kuan/gaussian_P_00512_mass_RIGHT_CC_1-205.png
P_00512,mass,RIGHT,CC,BENIGN,0,train,/app/data/raw/CBIS_DDSM/jpeg/1.3.6.1.4.1.9590.100.1.2.102616147513045377112164328153581806961/1-205.jpg,/app/data/processed/normalized/P_00512_mass_RIGHT_CC_1-205.png,/app/data/processed/contrast/P_00512_mass_RIGHT_CC_1-205.png,/app/data/processed/sharpened/P_00512_mass_RIGHT_CC_1-205.png,salt_pepper,median,/app/data/processed/noisy/salt_pepper/P_00512_mass_RIGHT_CC_1-205.png,/app/data/processed/denoised/median/salt_pepper_P_00512_mass_RIGHT_CC_1-205.png
P_00512,mass,RIGHT,CC,BENIGN,0,train,/app/data/raw/CBIS_DDSM/jpeg/1.3.6.1.4.1.9590.100.1.2.102616147513045377112164328153581806961/1-205.jpg,/app/data/processed/normalized/P_00512_mass_RIGHT_CC_1-205.png,/app/data/processed/contrast/P_00512_mass_RIGHT_CC_1-205.png,/app/data/processed/sharpened/P_00512_mass_RIGHT_CC_1-205.png,salt_pepper,gaussian,/app/data/processed/noisy/salt_pepper/P_00512_mass_RIGHT_CC_1-205.png,/app/data/processed/denoised/gaussian/salt_pepper_P_00512_mass_RIGHT_CC_1-205.png
P_00512,mass,RIGHT,CC,BENIGN,0,train,/app/data/raw/CBIS_DDSM/jpeg/1.3.6.1.4.1.9590.100.1.2.102616147513045377112164328153581806961/1-205.jpg,/app/data/processed/normalized/P_00512_mass_RIGHT_CC_1-205.png,/app/data/processed/contrast/P_00512_mass_RIGHT_CC_1-205.png,/app/data/processed/sharpened/P_00512_mass_RIGHT_CC_1-205.png,salt_pepper,wiener,/app/data/processed/noisy/salt_pepper/P_00512_mass_RIGHT_CC_1-205.png,/app/data/processed/denoised/wiener/salt_pepper_P_00512_mass_RIGHT_CC_1-205.png
P_00512,mass,RIGHT,CC,BENIGN,0,train,/app/data/raw/CBIS_DDSM/jpeg/1.3.6.1.4.1.9590.100.1.2.102616147513045377112164328153581806961/1-205.jpg,/app/data/processed/normalized/P_00512_mass_RIGHT_CC_1-205.png,/app/data/processed/contrast/P_00512_mass_RIGHT_CC_1-205.png,/app/data/processed/sharpened/P_00512_mass_RIGHT_CC_1-205.png,salt_pepper,bilateral,/app/data/processed/noisy/salt_pepper/P_00512_mass_RIGHT_CC_1-205.png,/app/data/processed/denoised/bilateral/salt_pepper_P_00512_mass_RIGHT_CC_1-205.png
P_00512,mass,RIGHT,CC,BENIGN,0,train,/app/data/raw/CBIS_DDSM/jpeg/1.3.6.1.4.1.9590.100.1.2.102616147513045377112164328153581806961/1-205.jpg,/app/data/processed/normalized/P_00512_mass_RIGHT_CC_1-205.png,/app/data/processed/contrast/P_00512_mass_RIGHT_CC_1-205.png,/app/data/processed/sharpened/P_00512_mass_RIGHT_CC_1-205.png,salt_pepper,non_local_means,/app/data/processed/noisy/salt_pepper/P_00512_mass_RIGHT_CC_1-205.png,/app/data/processed/denoised/non_local_means/salt_pepper_P_00512_mass_RIGHT_CC_1-205.png
P_00512,mass,RIGHT,CC,BENIGN,0,train,/app/data/raw/CBIS_DDSM/jpeg/1.3.6.1.4.1.9590.100.1.2.102616147513045377112164328153581806961/1-205.jpg,/app/data/processed/normalized/P_00512_mass_RIGHT_CC_1-205.png,/app/data/processed/contrast/P_00512_mass_RIGHT_CC_1-205.png,/app/data/processed/sharpened/P_00512_mass_RIGHT_CC_1-205.png,salt_pepper,anscombe_wiener,/app/data/processed/noisy/salt_pepper/P_00512_mass_RIGHT_CC_1-205.png,/app/data/processed/denoised/anscombe_wiener/salt_pepper_P_00512_mass_RIGHT_CC_1-205.png
P_00512,mass,RIGHT,CC,BENIGN,0,train,/app/data/raw/CBIS_DDSM/jpeg/1.3.6.1.4.1.9590.100.1.2.102616147513045377112164328153581806961/1-205.jpg,/app/data/processed/normalized/P_00512_mass_RIGHT_CC_1-205.png,/app/data/processed/contrast/P_00512_mass_RIGHT_CC_1-205.png,/app/data/processed/sharpened/P_00512_mass_RIGHT_CC_1-205.png,salt_pepper,adaptive_median,/app/data/processed/noisy/salt_pepper/P_00512_mass_RIGHT_CC_1-205.png,/app/data/processed/denoised/adaptive_median/salt_pepper_P_00512_mass_RIGHT_CC_1-205.png
P_00512,mass,RIGHT,CC,BENIGN,0,train,/app/data/raw/CBIS_DDSM/jpeg/1.3.6.1.4.1.9590.100.1.2.102616147513045377112164328153581806961/1-205.jpg,/app/data/processed/normalized/P_00512_mass_RIGHT_CC_1-205.png,/app/data/processed/contrast/P_00512_mass_RIGHT_CC_1-205.png,/app/data/processed/sharpened/P_00512_mass_RIGHT_CC_1-205.png,salt_pepper,kuan,/app/data/processed/noisy/salt_pepper/P_00512_mass_RIGHT_CC_1-205.png,/app/data/processed/denoised/kuan/salt_pepper_P_00512_mass_RIGHT_CC_1-205.png
P_00512,mass,RIGHT,CC,BENIGN,0,train,/app/data/raw/CBIS_DDSM/jpeg/1.3.6.1.4.1.9590.100.1.2.102616147513045377112164328153581806961/1-205.jpg,/app/data/processed/normalized/P_00512_mass_RIGHT_CC_1-205.png,/app/data/processed/contrast/P_00512_mass_RIGHT_CC_1-205.png,/app/data/processed/sharpened/P_00512_mass_RIGHT_CC_1-205.png,speckle,median,/app/data/processed/noisy/speckle/P_00512_mass_RIGHT_CC_1-205.png,/app/data/processed/denoised/median/speckle_P_00512_mass_RIGHT_CC_1-205.png
P_00512,mass,RIGHT,CC,BENIGN,0,train,/app/data/raw/CBIS_DDSM/jpeg/1.3.6.1.4.1.9590.100.1.2.102616147513045377112164328153581806961/1-205.jpg,/app/data/processed/normalized/P_00512_mass_RIGHT_CC_1-205.png,/app/data/processed/contrast/P_00512_mass_RIGHT_CC_1-205.png,/app/data/processed/sharpened/P_00512_mass_RIGHT_CC_1-205.png,speckle,gaussian,/app/data/processed/noisy/speckle/P_00512_mass_RIGHT_CC_1-205.png,/app/data/processed/denoised/gaussian/speckle_P_00512_mass_RIGHT_CC_1-205.png
P_00512,mass,RIGHT,CC,BENIGN,0,train,/app/data/raw/CBIS_DDSM/jpeg/1.3.6.1.4.1.9590.100.1.2.102616147513045377112164328153581806961/1-205.jpg,/app/data/processed/normalized/P_00512_mass_RIGHT_CC_1-205.png,/app/data/processed/contrast/P_00512_mass_RIGHT_CC_1-205.png,/app/data/processed/sharpened/P_00512_mass_RIGHT_CC_1-205.png,speckle,wiener,/app/data/processed/noisy/speckle/P_00512_mass_RIGHT_CC_1-205.png,/app/data/processed/denoised/wiener/speckle_P_00512_mass_RIGHT_CC_1-205.png
P_00512,mass,RIGHT,CC,BENIGN,0,train,/app/data/raw/CBIS_DDSM/jpeg/1.3.6.1.4.1.9590.100.1.2.102616147513045377112164328153581806961/1-205.jpg,/app/data/processed/normalized/P_00512_mass_RIGHT_CC_1-205.png,/app/data/processed/contrast/P_00512_mass_RIGHT_CC_1-205.png,/app/data/processed/sharpened/P_00512_mass_RIGHT_CC_1-205.png,speckle,bilateral,/app/data/processed/noisy/speckle/P_00512_mass_RIGHT_CC_1-205.png,/app/data/processed/denoised/bilateral/speckle_P_00512_mass_RIGHT_CC_1-205.png
P_00512,mass,RIGHT,CC,BENIGN,0,train,/app/data/raw/CBIS_DDSM/jpeg/1.3.6.1.4.1.9590.100.1.2.102616147513045377112164328153581806961/1-205.jpg,/app/data/processed/normalized/P_00512_mass_RIGHT_CC_1-205.png,/app/data/processed/contrast/P_00512_mass_RIGHT_CC_1-205.png,/app/data/processed/sharpened/P_00512_mass_RIGHT_CC_1-205.png,speckle,non_local_means,/app/data/processed/noisy/speckle/P_00512_mass_RIGHT_CC_1-205.png,/app/data/processed/denoised/non_local_means/speckle_P_00512_mass_RIGHT_CC_1-205.png
P_00512,mass,RIGHT,CC,BENIGN,0,train,/app/data/raw/CBIS_DDSM/jpeg/1.3.6.1.4.1.9590.100.1.2.102616147513045377112164328153581806961/1-205.jpg,/app/data/processed/normalized/P_00512_mass_RIGHT_CC_1-205.png,/app/data/processed/contrast/P_00512_mass_RIGHT_CC_1-205.png,/app/data/processed/sharpened/P_00512_mass_RIGHT_CC_1-205.png,speckle,anscombe_wiener,/app/data/processed/noisy/speckle/P_00512_mass_RIGHT_CC_1-205.png,/app/data/processed/denoised/anscombe_wiener/speckle_P_00512_mass_RIGHT_CC_1-205.png
P_00512,mass,RIGHT,CC,BENIGN,0,train,/app/data/raw/CBIS_DDSM/jpeg/1.3.6.1.4.1.9590.100.1.2.102616147513045377112164328153581806961/1-205.jpg,/app/data/processed/normalized/P_00512_mass_RIGHT_CC_1-205.png,/app/data/processed/contrast/P_00512_mass_RIGHT_CC_1-205.png,/app/data/processed/sharpened/P_00512_mass_RIGHT_CC_1-205.png,speckle,adaptive_median,/app/data/processed/noisy/speckle/P_00512_mass_RIGHT_CC_1-205.png,/app/data/processed/denoised/adaptive_median/speckle_P_00512_mass_RIGHT_CC_1-205.png
P_00512,mass,RIGHT,CC,BENIGN,0,train,/app/data/raw/CBIS_DDSM/jpeg/1.3.6.1.4.1.9590.100.1.2.102616147513045377112164328153581806961/1-205.jpg,/app/data/processed/normalized/P_00512_mass_RIGHT_CC_1-205.png,/app/data/processed/contrast/P_00512_mass_RIGHT_CC_1-205.png,/app/data/processed/sharpened/P_00512_mass_RIGHT_CC_1-205.png,speckle,kuan,/app/data/processed/noisy/speckle/P_00512_mass_RIGHT_CC_1-205.png,/app/data/processed/denoised/kuan/speckle_P_00512_mass_RIGHT_CC_1-205.png
P_00512,mass,RIGHT,CC,BENIGN,0,train,/app/data/raw/CBIS_DDSM/jpeg/1.3.6.1.4.1.9590.100.1.2.102616147513045377112164328153581806961/1-205.jpg,/app/data/processed/normalized/P_00512_mass_RIGHT_CC_1-205.png,/app/data/processed/contrast/P_00512_mass_RIGHT_CC_1-205.png,/app/data/processed/sharpened/P_00512_mass_RIGHT_CC_1-205.png,poisson,median,/app/data/processed/noisy/poisson/P_00512_mass_RIGHT_CC_1-205.png,/app/data/processed/denoised/median/poisson_P_00512_mass_RIGHT_CC_1-205.png
P_00512,mass,RIGHT,CC,BENIGN,0,train,/app/data/raw/CBIS_DDSM/jpeg/1.3.6.1.4.1.9590.100.1.2.102616147513045377112164328153581806961/1-205.jpg,/app/data/processed/normalized/P_00512_mass_RIGHT_CC_1-205.png,/app/data/processed/contrast/P_00512_mass_RIGHT_CC_1-205.png,/app/data/processed/sharpened/P_00512_mass_RIGHT_CC_1-205.png,poisson,gaussian,/app/data/processed/noisy/poisson/P_00512_mass_RIGHT_CC_1-205.png,/app/data/processed/denoised/gaussian/poisson_P_00512_mass_RIGHT_CC_1-205.png
P_00512,mass,RIGHT,CC,BENIGN,0,train,/app/data/raw/CBIS_DDSM/jpeg/1.3.6.1.4.1.9590.100.1.2.102616147513045377112164328153581806961/1-205.jpg,/app/data/processed/normalized/P_00512_mass_RIGHT_CC_1-205.png,/app/data/processed/contrast/P_00512_mass_RIGHT_CC_1-205.png,/app/data/processed/sharpened/P_00512_mass_RIGHT_CC_1-205.png,poisson,wiener,/app/data/processed/noisy/poisson/P_00512_mass_RIGHT_CC_1-205.png,/app/data/processed/denoised/wiener/poisson_P_00512_mass_RIGHT_CC_1-205.png
P_00512,mass,RIGHT,CC,BENIGN,0,train,/app/data/raw/CBIS_DDSM/jpeg/1.3.6.1.4.1.9590.100.1.2.102616147513045377112164328153581806961/1-205.jpg,/app/data/processed/normalized/P_00512_mass_RIGHT_CC_1-205.png,/app/data/processed/contrast/P_00512_mass_RIGHT_CC_1-205.png,/app/data/processed/sharpened/P_00512_mass_RIGHT_CC_1-205.png,poisson,bilateral,/app/data/processed/noisy/poisson/P_00512_mass_RIGHT_CC_1-205.png,/app/data/processed/denoised/bilateral/poisson_P_00512_mass_RIGHT_CC_1-205.png
P_00512,mass,RIGHT,CC,BENIGN,0,train,/app/data/raw/CBIS_DDSM/jpeg/1.3.6.1.4.1.9590.100.1.2.102616147513045377112164328153581806961/1-205.jpg,/app/data/processed/normalized/P_00512_mass_RIGHT_CC_1-205.png,/app/data/processed/contrast/P_00512_mass_RIGHT_CC_1-205.png,/app/data/processed/sharpened/P_00512_mass_RIGHT_CC_1-205.png,poisson,non_local_means,/app/data/processed/noisy/poisson/P_00512_mass_RIGHT_CC_1-205.png,/app/data/processed/denoised/non_local_means/poisson_P_00512_mass_RIGHT_CC_1-205.png
P_00512,mass,RIGHT,CC,BENIGN,0,train,/app/data/raw/CBIS_DDSM/jpeg/1.3.6.1.4.1.9590.100.1.2.102616147513045377112164328153581806961/1-205.jpg,/app/data/processed/normalized/P_00512_mass_RIGHT_CC_1-205.png,/app/data/processed/contrast/P_00512_mass_RIGHT_CC_1-205.png,/app/data/processed/sharpened/P_00512_mass_RIGHT_CC_1-205.png,poisson,anscombe_wiener,/app/data/processed/noisy/poisson/P_00512_mass_RIGHT_CC_1-205.png,/app/data/processed/denoised/anscombe_wiener/poisson_P_00512_mass_RIGHT_CC_1-205.png
P_00512,mass,RIGHT,CC,BENIGN,0,train,/app/data/raw/CBIS_DDSM/jpeg/1.3.6.1.4.1.9590.100.1.2.102616147513045377112164328153581806961/1-205.jpg,/app/data/processed/normalized/P_00512_mass_RIGHT_CC_1-205.png,/app/data/processed/contrast/P_00512_mass_RIGHT_CC_1-205.png,/app/data/processed/sharpened/P_00512_mass_RIGHT_CC_1-205.png,poisson,adaptive_median,/app/data/processed/noisy/poisson/P_00512_mass_RIGHT_CC_1-205.png,/app/data/processed/denoised/adaptive_median/poisson_P_00512_mass_RIGHT_CC_1-205.png
P_00512,mass,RIGHT,CC,BENIGN,0,train,/app/data/raw/CBIS_DDSM/jpeg/1.3.6.1.4.1.9590.100.1.2.102616147513045377112164328153581806961/1-205.jpg,/app/data/processed/normalized/P_00512_mass_RIGHT_CC_1-205.png,/app/data/processed/contrast/P_00512_mass_RIGHT_CC_1-205.png,/app/data/processed/sharpened/P_00512_mass_RIGHT_CC_1-205.png,poisson,kuan,/app/data/processed/noisy/poisson/P_00512_mass_RIGHT_CC_1-205.png,/app/data/processed/denoised/kuan/poisson_P_00512_mass_RIGHT_CC_1-205.png
P_00512,mass,RIGHT,CC,BENIGN,0,train,/app/data/raw/CBIS_DDSM/jpeg/1.3.6.1.4.1.9590.100.1.2.102616147513045377112164328153581806961/1-205.jpg,/app/data/processed/normalized/P_00512_mass_RIGHT_CC_1-205.png,/app/data/processed/contrast/P_00512_mass_RIGHT_CC_1-205.png,/app/data/processed/sharpened/P_00512_mass_RIGHT_CC_1-205.png,mixed_poisson_gaussian,median,/app/data/processed/noisy/mixed_poisson_gaussian/P_00512_mass_RIGHT_CC_1-205.png,/app/data/processed/denoised/median/mixed_poisson_gaussian_P_00512_mass_RIGHT_CC_1-205.png
P_00512,mass,RIGHT,CC,BENIGN,0,train,/app/data/raw/CBIS_DDSM/jpeg/1.3.6.1.4.1.9590.100.1.2.102616147513045377112164328153581806961/1-205.jpg,/app/data/processed/normalized/P_00512_mass_RIGHT_CC_1-205.png,/app/data/processed/contrast/P_00512_mass_RIGHT_CC_1-205.png,/app/data/processed/sharpened/P_00512_mass_RIGHT_CC_1-205.png,mixed_poisson_gaussian,gaussian,/app/data/processed/noisy/mixed_poisson_gaussian/P_00512_mass_RIGHT_CC_1-205.png,/app/data/processed/denoised/gaussian/mixed_poisson_gaussian_P_00512_mass_RIGHT_CC_1-205.png
P_00512,mass,RIGHT,CC,BENIGN,0,train,/app/data/raw/CBIS_DDSM/jpeg/1.3.6.1.4.1.9590.100.1.2.102616147513045377112164328153581806961/1-205.jpg,/app/data/processed/normalized/P_00512_mass_RIGHT_CC_1-205.png,/app/data/processed/contrast/P_00512_mass_RIGHT_CC_1-205.png,/app/data/processed/sharpened/P_00512_mass_RIGHT_CC_1-205.png,mixed_poisson_gaussian,wiener,/app/data/processed/noisy/mixed_poisson_gaussian/P_00512_mass_RIGHT_CC_1-205.png,/app/data/processed/denoised/wiener/mixed_poisson_gaussian_P_00512_mass_RIGHT_CC_1-205.png
P_00512,mass,RIGHT,CC,BENIGN,0,train,/app/data/raw/CBIS_DDSM/jpeg/1.3.6.1.4.1.9590.100.1.2.102616147513045377112164328153581806961/1-205.jpg,/app/data/processed/normalized/P_00512_mass_RIGHT_CC_1-205.png,/app/data/processed/contrast/P_00512_mass_RIGHT_CC_1-205.png,/app/data/processed/sharpened/P_00512_mass_RIGHT_CC_1-205.png,mixed_poisson_gaussian,bilateral,/app/data/processed/noisy/mixed_poisson_gaussian/P_00512_mass_RIGHT_CC_1-205.png,/app/data/processed/denoised/bilateral/mixed_poisson_gaussian_P_00512_mass_RIGHT_CC_1-205.png
P_00512,mass,RIGHT,CC,BENIGN,0,train,/app/data/raw/CBIS_DDSM/jpeg/1.3.6.1.4.1.9590.100.1.2.102616147513045377112164328153581806961/1-205.jpg,/app/data/processed/normalized/P_00512_mass_RIGHT_CC_1-205.png,/app/data/processed/contrast/P_00512_mass_RIGHT_CC_1-205.png,/app/data/processed/sharpened/P_00512_mass_RIGHT_CC_1-205.png,mixed_poisson_gaussian,non_local_means,/app/data/processed/noisy/mixed_poisson_gaussian/P_00512_mass_RIGHT_CC_1-205.png,/app/data/processed/denoised/non_local_means/mixed_poisson_gaussian_P_00512_mass_RIGHT_CC_1-205.png
P_00512,mass,RIGHT,CC,BENIGN,0,train,/app/data/raw/CBIS_DDSM/jpeg/1.3.6.1.4.1.9590.100.1.2.102616147513045377112164328153581806961/1-205.jpg,/app/data/processed/normalized/P_00512_mass_RIGHT_CC_1-205.png,/app/data/processed/contrast/P_00512_mass_RIGHT_CC_1-205.png,/app/data/processed/sharpened/P_00512_mass_RIGHT_CC_1-205.png,mixed_poisson_gaussian,anscombe_wiener,/app/data/processed/noisy/mixed_poisson_gaussian/P_00512_mass_RIGHT_CC_1-205.png,/app/data/processed/denoised/anscombe_wiener/mixed_poisson_gaussian_P_00512_mass_RIGHT_CC_1-205.png
P_00512,mass,RIGHT,CC,BENIGN,0,train,/app/data/raw/CBIS_DDSM/jpeg/1.3.6.1.4.1.9590.100.1.2.102616147513045377112164328153581806961/1-205.jpg,/app/data/processed/normalized/P_00512_mass_RIGHT_CC_1-205.png,/app/data/processed/contrast/P_00512_mass_RIGHT_CC_1-205.png,/app/data/processed/sharpened/P_00512_mass_RIGHT_CC_1-205.png,mixed_poisson_gaussian,adaptive_median,/app/data/processed/noisy/mixed_poisson_gaussian/P_00512_mass_RIGHT_CC_1-205.png,/app/data/processed/denoised/adaptive_median/mixed_poisson_gaussian_P_00512_mass_RIGHT_CC_1-205.png
P_00512,mass,RIGHT,CC,BENIGN,0,train,/app/data/raw/CBIS_DDSM/jpeg/1.3.6.1.4.1.9590.100.1.2.102616147513045377112164328153581806961/1-205.jpg,/app/data/processed/normalized/P_00512_mass_RIGHT_CC_1-205.png,/app/data/processed/contrast/P_00512_mass_RIGHT_CC_1-205.png,/app/data/processed/sharpened/P_00512_mass_RIGHT_CC_1-205.png,mixed_poisson_gaussian,kuan,/app/data/processed/noisy/mixed_poisson_gaussian/P_00512_mass_RIGHT_CC_1-205.png,/app/data/processed/denoised/kuan/mixed_poisson_gaussian_P_00512_mass_RIGHT_CC_1-205.png
P_01142,mass,RIGHT,MLO,BENIGN_WITHOUT_CALLBACK,0,train,/app/data/raw/CBIS_DDSM/jpeg/1.3.6.1.4.1.9590.100.1.2.101462230211922707319927858504016007558/1-048.jpg,/app/data/processed/normalized/P_01142_mass_RIGHT_MLO_1-048.png,/app/data/processed/contrast/P_01142_mass_RIGHT_MLO_1-048.png,/app/data/processed/sharpened/P_01142_mass_RIGHT_MLO_1-048.png,gaussian,median,/app/data/processed/noisy/gaussian/P_01142_mass_RIGHT_MLO_1-048.png,/app/data/processed/denoised/median/gaussian_P_01142_mass_RIGHT_MLO_1-048.png
P_01142,mass,RIGHT,MLO,BENIGN_WITHOUT_CALLBACK,0,train,/app/data/raw/CBIS_DDSM/jpeg/1.3.6.1.4.1.9590.100.1.2.101462230211922707319927858504016007558/1-048.jpg,/app/data/processed/normalized/P_01142_mass_RIGHT_MLO_1-048.png,/app/data/processed/contrast/P_01142_mass_RIGHT_MLO_1-048.png,/app/data/processed/sharpened/P_01142_mass_RIGHT_MLO_1-048.png,gaussian,gaussian,/app/data/processed/noisy/gaussian/P_01142_mass_RIGHT_MLO_1-048.png,/app/data/processed/denoised/gaussian/gaussian_P_01142_mass_RIGHT_MLO_1-048.png
P_01142,mass,RIGHT,MLO,BENIGN_WITHOUT_CALLBACK,0,train,/app/data/raw/CBIS_DDSM/jpeg/1.3.6.1.4.1.9590.100.1.2.101462230211922707319927858504016007558/1-048.jpg,/app/data/processed/normalized/P_01142_mass_RIGHT_MLO_1-048.png,/app/data/processed/contrast/P_01142_mass_RIGHT_MLO_1-048.png,/app/data/processed/sharpened/P_01142_mass_RIGHT_MLO_1-048.png,gaussian,wiener,/app/data/processed/noisy/gaussian/P_01142_mass_RIGHT_MLO_1-048.png,/app/data/processed/denoised/wiener/gaussian_P_01142_mass_RIGHT_MLO_1-048.png
P_01142,mass,RIGHT,MLO,BENIGN_WITHOUT_CALLBACK,0,train,/app/data/raw/CBIS_DDSM/jpeg/1.3.6.1.4.1.9590.100.1.2.101462230211922707319927858504016007558/1-048.jpg,/app/data/processed/normalized/P_01142_mass_RIGHT_MLO_1-048.png,/app/data/processed/contrast/P_01142_mass_RIGHT_MLO_1-048.png,/app/data/processed/sharpened/P_01142_mass_RIGHT_MLO_1-048.png,gaussian,bilateral,/app/data/processed/noisy/gaussian/P_01142_mass_RIGHT_MLO_1-048.png,/app/data/processed/denoised/bilateral/gaussian_P_01142_mass_RIGHT_MLO_1-048.png
P_01142,mass,RIGHT,MLO,BENIGN_WITHOUT_CALLBACK,0,train,/app/data/raw/CBIS_DDSM/jpeg/1.3.6.1.4.1.9590.100.1.2.101462230211922707319927858504016007558/1-048.jpg,/app/data/processed/normalized/P_01142_mass_RIGHT_MLO_1-048.png,/app/data/processed/contrast/P_01142_mass_RIGHT_MLO_1-048.png,/app/data/processed/sharpened/P_01142_mass_RIGHT_MLO_1-048.png,gaussian,non_local_means,/app/data/processed/noisy/gaussian/P_01142_mass_RIGHT_MLO_1-048.png,/app/data/processed/denoised/non_local_means/gaussian_P_01142_mass_RIGHT_MLO_1-048.png
P_01142,mass,RIGHT,MLO,BENIGN_WITHOUT_CALLBACK,0,train,/app/data/raw/CBIS_DDSM/jpeg/1.3.6.1.4.1.9590.100.1.2.101462230211922707319927858504016007558/1-048.jpg,/app/data/processed/normalized/P_01142_mass_RIGHT_MLO_1-048.png,/app/data/processed/contrast/P_01142_mass_RIGHT_MLO_1-048.png,/app/data/processed/sharpened/P_01142_mass_RIGHT_MLO_1-048.png,gaussian,anscombe_wiener,/app/data/processed/noisy/gaussian/P_01142_mass_RIGHT_MLO_1-048.png,/app/data/processed/denoised/anscombe_wiener/gaussian_P_01142_mass_RIGHT_MLO_1-048.png
P_01142,mass,RIGHT,MLO,BENIGN_WITHOUT_CALLBACK,0,train,/app/data/raw/CBIS_DDSM/jpeg/1.3.6.1.4.1.9590.100.1.2.101462230211922707319927858504016007558/1-048.jpg,/app/data/processed/normalized/P_01142_mass_RIGHT_MLO_1-048.png,/app/data/processed/contrast/P_01142_mass_RIGHT_MLO_1-048.png,/app/data/processed/sharpened/P_01142_mass_RIGHT_MLO_1-048.png,gaussian,adaptive_median,/app/data/processed/noisy/gaussian/P_01142_mass_RIGHT_MLO_1-048.png,/app/data/processed/denoised/adaptive_median/gaussian_P_01142_mass_RIGHT_MLO_1-048.png
P_01142,mass,RIGHT,MLO,BENIGN_WITHOUT_CALLBACK,0,train,/app/data/raw/CBIS_DDSM/jpeg/1.3.6.1.4.1.9590.100.1.2.101462230211922707319927858504016007558/1-048.jpg,/app/data/processed/normalized/P_01142_mass_RIGHT_MLO_1-048.png,/app/data/processed/contrast/P_01142_mass_RIGHT_MLO_1-048.png,/app/data/processed/sharpened/P_01142_mass_RIGHT_MLO_1-048.png,gaussian,kuan,/app/data/processed/noisy/gaussian/P_01142_mass_RIGHT_MLO_1-048.png,/app/data/processed/denoised/kuan/gaussian_P_01142_mass_RIGHT_MLO_1-048.png
P_01142,mass,RIGHT,MLO,BENIGN_WITHOUT_CALLBACK,0,train,/app/data/raw/CBIS_DDSM/jpeg/1.3.6.1.4.1.9590.100.1.2.101462230211922707319927858504016007558/1-048.jpg,/app/data/processed/normalized/P_01142_mass_RIGHT_MLO_1-048.png,/app/data/processed/contrast/P_01142_mass_RIGHT_MLO_1-048.png,/app/data/processed/sharpened/P_01142_mass_RIGHT_MLO_1-048.png,salt_pepper,median,/app/data/processed/noisy/salt_pepper/P_01142_mass_RIGHT_MLO_1-048.png,/app/data/processed/denoised/median/salt_pepper_P_01142_mass_RIGHT_MLO_1-048.png
P_01142,mass,RIGHT,MLO,BENIGN_WITHOUT_CALLBACK,0,train,/app/data/raw/CBIS_DDSM/jpeg/1.3.6.1.4.1.9590.100.1.2.101462230211922707319927858504016007558/1-048.jpg,/app/data/processed/normalized/P_01142_mass_RIGHT_MLO_1-048.png,/app/data/processed/contrast/P_01142_mass_RIGHT_MLO_1-048.png,/app/data/processed/sharpened/P_01142_mass_RIGHT_MLO_1-048.png,salt_pepper,gaussian,/app/data/processed/noisy/salt_pepper/P_01142_mass_RIGHT_MLO_1-048.png,/app/data/processed/denoised/gaussian/salt_pepper_P_01142_mass_RIGHT_MLO_1-048.png
P_01142,mass,RIGHT,MLO,BENIGN_WITHOUT_CALLBACK,0,train,/app/data/raw/CBIS_DDSM/jpeg/1.3.6.1.4.1.9590.100.1.2.101462230211922707319927858504016007558/1-048.jpg,/app/data/processed/normalized/P_01142_mass_RIGHT_MLO_1-048.png,/app/data/processed/contrast/P_01142_mass_RIGHT_MLO_1-048.png,/app/data/processed/sharpened/P_01142_mass_RIGHT_MLO_1-048.png,salt_pepper,wiener,/app/data/processed/noisy/salt_pepper/P_01142_mass_RIGHT_MLO_1-048.png,/app/data/processed/denoised/wiener/salt_pepper_P_01142_mass_RIGHT_MLO_1-048.png
P_01142,mass,RIGHT,MLO,BENIGN_WITHOUT_CALLBACK,0,train,/app/data/raw/CBIS_DDSM/jpeg/1.3.6.1.4.1.9590.100.1.2.101462230211922707319927858504016007558/1-048.jpg,/app/data/processed/normalized/P_01142_mass_RIGHT_MLO_1-048.png,/app/data/processed/contrast/P_01142_mass_RIGHT_MLO_1-048.png,/app/data/processed/sharpened/P_01142_mass_RIGHT_MLO_1-048.png,salt_pepper,bilateral,/app/data/processed/noisy/salt_pepper/P_01142_mass_RIGHT_MLO_1-048.png,/app/data/processed/denoised/bilateral/salt_pepper_P_01142_mass_RIGHT_MLO_1-048.png
P_01142,mass,RIGHT,MLO,BENIGN_WITHOUT_CALLBACK,0,train,/app/data/raw/CBIS_DDSM/jpeg/1.3.6.1.4.1.9590.100.1.2.101462230211922707319927858504016007558/1-048.jpg,/app/data/processed/normalized/P_01142_mass_RIGHT_MLO_1-048.png,/app/data/processed/contrast/P_01142_mass_RIGHT_MLO_1-048.png,/app/data/processed/sharpened/P_01142_mass_RIGHT_MLO_1-048.png,salt_pepper,non_local_means,/app/data/processed/noisy/salt_pepper/P_01142_mass_RIGHT_MLO_1-048.png,/app/data/processed/denoised/non_local_means/salt_pepper_P_01142_mass_RIGHT_MLO_1-048.png
P_01142,mass,RIGHT,MLO,BENIGN_WITHOUT_CALLBACK,0,train,/app/data/raw/CBIS_DDSM/jpeg/1.3.6.1.4.1.9590.100.1.2.101462230211922707319927858504016007558/1-048.jpg,/app/data/processed/normalized/P_01142_mass_RIGHT_MLO_1-048.png,/app/data/processed/contrast/P_01142_mass_RIGHT_MLO_1-048.png,/app/data/processed/sharpened/P_01142_mass_RIGHT_MLO_1-048.png,salt_pepper,anscombe_wiener,/app/data/processed/noisy/salt_pepper/P_01142_mass_RIGHT_MLO_1-048.png,/app/data/processed/denoised/anscombe_wiener/salt_pepper_P_01142_mass_RIGHT_MLO_1-048.png
P_01142,mass,RIGHT,MLO,BENIGN_WITHOUT_CALLBACK,0,train,/app/data/raw/CBIS_DDSM/jpeg/1.3.6.1.4.1.9590.100.1.2.101462230211922707319927858504016007558/1-048.jpg,/app/data/processed/normalized/P_01142_mass_RIGHT_MLO_1-048.png,/app/data/processed/contrast/P_01142_mass_RIGHT_MLO_1-048.png,/app/data/processed/sharpened/P_01142_mass_RIGHT_MLO_1-048.png,salt_pepper,adaptive_median,/app/data/processed/noisy/salt_pepper/P_01142_mass_RIGHT_MLO_1-048.png,/app/data/processed/denoised/adaptive_median/salt_pepper_P_01142_mass_RIGHT_MLO_1-048.png
P_01142,mass,RIGHT,MLO,BENIGN_WITHOUT_CALLBACK,0,train,/app/data/raw/CBIS_DDSM/jpeg/1.3.6.1.4.1.9590.100.1.2.101462230211922707319927858504016007558/1-048.jpg,/app/data/processed/normalized/P_01142_mass_RIGHT_MLO_1-048.png,/app/data/processed/contrast/P_01142_mass_RIGHT_MLO_1-048.png,/app/data/processed/sharpened/P_01142_mass_RIGHT_MLO_1-048.png,salt_pepper,kuan,/app/data/processed/noisy/salt_pepper/P_01142_mass_RIGHT_MLO_1-048.png,/app/data/processed/denoised/kuan/salt_pepper_P_01142_mass_RIGHT_MLO_1-048.png
P_01142,mass,RIGHT,MLO,BENIGN_WITHOUT_CALLBACK,0,train,/app/data/raw/CBIS_DDSM/jpeg/1.3.6.1.4.1.9590.100.1.2.101462230211922707319927858504016007558/1-048.jpg,/app/data/processed/normalized/P_01142_mass_RIGHT_MLO_1-048.png,/app/data/processed/contrast/P_01142_mass_RIGHT_MLO_1-048.png,/app/data/processed/sharpened/P_01142_mass_RIGHT_MLO_1-048.png,speckle,median,/app/data/processed/noisy/speckle/P_01142_mass_RIGHT_MLO_1-048.png,/app/data/processed/denoised/median/speckle_P_01142_mass_RIGHT_MLO_1-048.png
P_01142,mass,RIGHT,MLO,BENIGN_WITHOUT_CALLBACK,0,train,/app/data/raw/CBIS_DDSM/jpeg/1.3.6.1.4.1.9590.100.1.2.101462230211922707319927858504016007558/1-048.jpg,/app/data/processed/normalized/P_01142_mass_RIGHT_MLO_1-048.png,/app/data/processed/contrast/P_01142_mass_RIGHT_MLO_1-048.png,/app/data/processed/sharpened/P_01142_mass_RIGHT_MLO_1-048.png,speckle,gaussian,/app/data/processed/noisy/speckle/P_01142_mass_RIGHT_MLO_1-048.png,/app/data/processed/denoised/gaussian/speckle_P_01142_mass_RIGHT_MLO_1-048.png
P_01142,mass,RIGHT,MLO,BENIGN_WITHOUT_CALLBACK,0,train,/app/data/raw/CBIS_DDSM/jpeg/1.3.6.1.4.1.9590.100.1.2.101462230211922707319927858504016007558/1-048.jpg,/app/data/processed/normalized/P_01142_mass_RIGHT_MLO_1-048.png,/app/data/processed/contrast/P_01142_mass_RIGHT_MLO_1-048.png,/app/data/processed/sharpened/P_01142_mass_RIGHT_MLO_1-048.png,speckle,wiener,/app/data/processed/noisy/speckle/P_01142_mass_RIGHT_MLO_1-048.png,/app/data/processed/denoised/wiener/speckle_P_01142_mass_RIGHT_MLO_1-048.png
P_01142,mass,RIGHT,MLO,BENIGN_WITHOUT_CALLBACK,0,train,/app/data/raw/CBIS_DDSM/jpeg/1.3.6.1.4.1.9590.100.1.2.101462230211922707319927858504016007558/1-048.jpg,/app/data/processed/normalized/P_01142_mass_RIGHT_MLO_1-048.png,/app/data/processed/contrast/P_01142_mass_RIGHT_MLO_1-048.png,/app/data/processed/sharpened/P_01142_mass_RIGHT_MLO_1-048.png,speckle,bilateral,/app/data/processed/noisy/speckle/P_01142_mass_RIGHT_MLO_1-048.png,/app/data/processed/denoised/bilateral/speckle_P_01142_mass_RIGHT_MLO_1-048.png
P_01142,mass,RIGHT,MLO,BENIGN_WITHOUT_CALLBACK,0,train,/app/data/raw/CBIS_DDSM/jpeg/1.3.6.1.4.1.9590.100.1.2.101462230211922707319927858504016007558/1-048.jpg,/app/data/processed/normalized/P_01142_mass_RIGHT_MLO_1-048.png,/app/data/processed/contrast/P_01142_mass_RIGHT_MLO_1-048.png,/app/data/processed/sharpened/P_01142_mass_RIGHT_MLO_1-048.png,speckle,non_local_means,/app/data/processed/noisy/speckle/P_01142_mass_RIGHT_MLO_1-048.png,/app/data/processed/denoised/non_local_means/speckle_P_01142_mass_RIGHT_MLO_1-048.png
P_01142,mass,RIGHT,MLO,BENIGN_WITHOUT_CALLBACK,0,train,/app/data/raw/CBIS_DDSM/jpeg/1.3.6.1.4.1.9590.100.1.2.101462230211922707319927858504016007558/1-048.jpg,/app/data/processed/normalized/P_01142_mass_RIGHT_MLO_1-048.png,/app/data/processed/contrast/P_01142_mass_RIGHT_MLO_1-048.png,/app/data/processed/sharpened/P_01142_mass_RIGHT_MLO_1-048.png,speckle,anscombe_wiener,/app/data/processed/noisy/speckle/P_01142_mass_RIGHT_MLO_1-048.png,/app/data/processed/denoised/anscombe_wiener/speckle_P_01142_mass_RIGHT_MLO_1-048.png
P_01142,mass,RIGHT,MLO,BENIGN_WITHOUT_CALLBACK,0,train,/app/data/raw/CBIS_DDSM/jpeg/1.3.6.1.4.1.9590.100.1.2.101462230211922707319927858504016007558/1-048.jpg,/app/data/processed/normalized/P_01142_mass_RIGHT_MLO_1-048.png,/app/data/processed/contrast/P_01142_mass_RIGHT_MLO_1-048.png,/app/data/processed/sharpened/P_01142_mass_RIGHT_MLO_1-048.png,speckle,adaptive_median,/app/data/processed/noisy/speckle/P_01142_mass_RIGHT_MLO_1-048.png,/app/data/processed/denoised/adaptive_median/speckle_P_01142_mass_RIGHT_MLO_1-048.png
P_01142,mass,RIGHT,MLO,BENIGN_WITHOUT_CALLBACK,0,train,/app/data/raw/CBIS_DDSM/jpeg/1.3.6.1.4.1.9590.100.1.2.101462230211922707319927858504016007558/1-048.jpg,/app/data/processed/normalized/P_01142_mass_RIGHT_MLO_1-048.png,/app/data/processed/contrast/P_01142_mass_RIGHT_MLO_1-048.png,/app/data/processed/sharpened/P_01142_mass_RIGHT_MLO_1-048.png,speckle,kuan,/app/data/processed/noisy/speckle/P_01142_mass_RIGHT_MLO_1-048.png,/app/data/processed/denoised/kuan/speckle_P_01142_mass_RIGHT_MLO_1-048.png
P_01142,mass,RIGHT,MLO,BENIGN_WITHOUT_CALLBACK,0,train,/app/data/raw/CBIS_DDSM/jpeg/1.3.6.1.4.1.9590.100.1.2.101462230211922707319927858504016007558/1-048.jpg,/app/data/processed/normalized/P_01142_mass_RIGHT_MLO_1-048.png,/app/data/processed/contrast/P_01142_mass_RIGHT_MLO_1-048.png,/app/data/processed/sharpened/P_01142_mass_RIGHT_MLO_1-048.png,poisson,median,/app/data/processed/noisy/poisson/P_01142_mass_RIGHT_MLO_1-048.png,/app/data/processed/denoised/median/poisson_P_01142_mass_RIGHT_MLO_1-048.png
P_01142,mass,RIGHT,MLO,BENIGN_WITHOUT_CALLBACK,0,train,/app/data/raw/CBIS_DDSM/jpeg/1.3.6.1.4.1.9590.100.1.2.101462230211922707319927858504016007558/1-048.jpg,/app/data/processed/normalized/P_01142_mass_RIGHT_MLO_1-048.png,/app/data/processed/contrast/P_01142_mass_RIGHT_MLO_1-048.png,/app/data/processed/sharpened/P_01142_mass_RIGHT_MLO_1-048.png,poisson,gaussian,/app/data/processed/noisy/poisson/P_01142_mass_RIGHT_MLO_1-048.png,/app/data/processed/denoised/gaussian/poisson_P_01142_mass_RIGHT_MLO_1-048.png
P_01142,mass,RIGHT,MLO,BENIGN_WITHOUT_CALLBACK,0,train,/app/data/raw/CBIS_DDSM/jpeg/1.3.6.1.4.1.9590.100.1.2.101462230211922707319927858504016007558/1-048.jpg,/app/data/processed/normalized/P_01142_mass_RIGHT_MLO_1-048.png,/app/data/processed/contrast/P_01142_mass_RIGHT_MLO_1-048.png,/app/data/processed/sharpened/P_01142_mass_RIGHT_MLO_1-048.png,poisson,wiener,/app/data/processed/noisy/poisson/P_01142_mass_RIGHT_MLO_1-048.png,/app/data/processed/denoised/wiener/poisson_P_01142_mass_RIGHT_MLO_1-048.png
P_01142,mass,RIGHT,MLO,BENIGN_WITHOUT_CALLBACK,0,train,/app/data/raw/CBIS_DDSM/jpeg/1.3.6.1.4.1.9590.100.1.2.101462230211922707319927858504016007558/1-048.jpg,/app/data/processed/normalized/P_01142_mass_RIGHT_MLO_1-048.png,/app/data/processed/contrast/P_01142_mass_RIGHT_MLO_1-048.png,/app/data/processed/sharpened/P_01142_mass_RIGHT_MLO_1-048.png,poisson,bilateral,/app/data/processed/noisy/poisson/P_01142_mass_RIGHT_MLO_1-048.png,/app/data/processed/denoised/bilateral/poisson_P_01142_mass_RIGHT_MLO_1-048.png
P_01142,mass,RIGHT,MLO,BENIGN_WITHOUT_CALLBACK,0,train,/app/data/raw/CBIS_DDSM/jpeg/1.3.6.1.4.1.9590.100.1.2.101462230211922707319927858504016007558/1-048.jpg,/app/data/processed/normalized/P_01142_mass_RIGHT_MLO_1-048.png,/app/data/processed/contrast/P_01142_mass_RIGHT_MLO_1-048.png,/app/data/processed/sharpened/P_01142_mass_RIGHT_MLO_1-048.png,poisson,non_local_means,/app/data/processed/noisy/poisson/P_01142_mass_RIGHT_MLO_1-048.png,/app/data/processed/denoised/non_local_means/poisson_P_01142_mass_RIGHT_MLO_1-048.png
P_01142,mass,RIGHT,MLO,BENIGN_WITHOUT_CALLBACK,0,train,/app/data/raw/CBIS_DDSM/jpeg/1.3.6.1.4.1.9590.100.1.2.101462230211922707319927858504016007558/1-048.jpg,/app/data/processed/normalized/P_01142_mass_RIGHT_MLO_1-048.png,/app/data/processed/contrast/P_01142_mass_RIGHT_MLO_1-048.png,/app/data/processed/sharpened/P_01142_mass_RIGHT_MLO_1-048.png,poisson,anscombe_wiener,/app/data/processed/noisy/poisson/P_01142_mass_RIGHT_MLO_1-048.png,/app/data/processed/denoised/anscombe_wiener/poisson_P_01142_mass_RIGHT_MLO_1-048.png
P_01142,mass,RIGHT,MLO,BENIGN_WITHOUT_CALLBACK,0,train,/app/data/raw/CBIS_DDSM/jpeg/1.3.6.1.4.1.9590.100.1.2.101462230211922707319927858504016007558/1-048.jpg,/app/data/processed/normalized/P_01142_mass_RIGHT_MLO_1-048.png,/app/data/processed/contrast/P_01142_mass_RIGHT_MLO_1-048.png,/app/data/processed/sharpened/P_01142_mass_RIGHT_MLO_1-048.png,poisson,adaptive_median,/app/data/processed/noisy/poisson/P_01142_mass_RIGHT_MLO_1-048.png,/app/data/processed/denoised/adaptive_median/poisson_P_01142_mass_RIGHT_MLO_1-048.png
P_01142,mass,RIGHT,MLO,BENIGN_WITHOUT_CALLBACK,0,train,/app/data/raw/CBIS_DDSM/jpeg/1.3.6.1.4.1.9590.100.1.2.101462230211922707319927858504016007558/1-048.jpg,/app/data/processed/normalized/P_01142_mass_RIGHT_MLO_1-048.png,/app/data/processed/contrast/P_01142_mass_RIGHT_MLO_1-048.png,/app/data/processed/sharpened/P_01142_mass_RIGHT_MLO_1-048.png,poisson,kuan,/app/data/processed/noisy/poisson/P_01142_mass_RIGHT_MLO_1-048.png,/app/data/processed/denoised/kuan/poisson_P_01142_mass_RIGHT_MLO_1-048.png
P_01142,mass,RIGHT,MLO,BENIGN_WITHOUT_CALLBACK,0,train,/app/data/raw/CBIS_DDSM/jpeg/1.3.6.1.4.1.9590.100.1.2.101462230211922707319927858504016007558/1-048.jpg,/app/data/processed/normalized/P_01142_mass_RIGHT_MLO_1-048.png,/app/data/processed/contrast/P_01142_mass_RIGHT_MLO_1-048.png,/app/data/processed/sharpened/P_01142_mass_RIGHT_MLO_1-048.png,mixed_poisson_gaussian,median,/app/data/processed/noisy/mixed_poisson_gaussian/P_01142_mass_RIGHT_MLO_1-048.png,/app/data/processed/denoised/median/mixed_poisson_gaussian_P_01142_mass_RIGHT_MLO_1-048.png
P_01142,mass,RIGHT,MLO,BENIGN_WITHOUT_CALLBACK,0,train,/app/data/raw/CBIS_DDSM/jpeg/1.3.6.1.4.1.9590.100.1.2.101462230211922707319927858504016007558/1-048.jpg,/app/data/processed/normalized/P_01142_mass_RIGHT_MLO_1-048.png,/app/data/processed/contrast/P_01142_mass_RIGHT_MLO_1-048.png,/app/data/processed/sharpened/P_01142_mass_RIGHT_MLO_1-048.png,mixed_poisson_gaussian,gaussian,/app/data/processed/noisy/mixed_poisson_gaussian/P_01142_mass_RIGHT_MLO_1-048.png,/app/data/processed/denoised/gaussian/mixed_poisson_gaussian_P_01142_mass_RIGHT_MLO_1-048.png
P_01142,mass,RIGHT,MLO,BENIGN_WITHOUT_CALLBACK,0,train,/app/data/raw/CBIS_DDSM/jpeg/1.3.6.1.4.1.9590.100.1.2.101462230211922707319927858504016007558/1-048.jpg,/app/data/processed/normalized/P_01142_mass_RIGHT_MLO_1-048.png,/app/data/processed/contrast/P_01142_mass_RIGHT_MLO_1-048.png,/app/data/processed/sharpened/P_01142_mass_RIGHT_MLO_1-048.png,mixed_poisson_gaussian,wiener,/app/data/processed/noisy/mixed_poisson_gaussian/P_01142_mass_RIGHT_MLO_1-048.png,/app/data/processed/denoised/wiener/mixed_poisson_gaussian_P_01142_mass_RIGHT_MLO_1-048.png
P_01142,mass,RIGHT,MLO,BENIGN_WITHOUT_CALLBACK,0,train,/app/data/raw/CBIS_DDSM/jpeg/1.3.6.1.4.1.9590.100.1.2.101462230211922707319927858504016007558/1-048.jpg,/app/data/processed/normalized/P_01142_mass_RIGHT_MLO_1-048.png,/app/data/processed/contrast/P_01142_mass_RIGHT_MLO_1-048.png,/app/data/processed/sharpened/P_01142_mass_RIGHT_MLO_1-048.png,mixed_poisson_gaussian,bilateral,/app/data/processed/noisy/mixed_poisson_gaussian/P_01142_mass_RIGHT_MLO_1-048.png,/app/data/processed/denoised/bilateral/mixed_poisson_gaussian_P_01142_mass_RIGHT_MLO_1-048.png
P_01142,mass,RIGHT,MLO,BENIGN_WITHOUT_CALLBACK,0,train,/app/data/raw/CBIS_DDSM/jpeg/1.3.6.1.4.1.9590.100.1.2.101462230211922707319927858504016007558/1-048.jpg,/app/data/processed/normalized/P_01142_mass_RIGHT_MLO_1-048.png,/app/data/processed/contrast/P_01142_mass_RIGHT_MLO_1-048.png,/app/data/processed/sharpened/P_01142_mass_RIGHT_MLO_1-048.png,mixed_poisson_gaussian,non_local_means,/app/data/processed/noisy/mixed_poisson_gaussian/P_01142_mass_RIGHT_MLO_1-048.png,/app/data/processed/denoised/non_local_means/mixed_poisson_gaussian_P_01142_mass_RIGHT_MLO_1-048.png
P_01142,mass,RIGHT,MLO,BENIGN_WITHOUT_CALLBACK,0,train,/app/data/raw/CBIS_DDSM/jpeg/1.3.6.1.4.1.9590.100.1.2.101462230211922707319927858504016007558/1-048.jpg,/app/data/processed/normalized/P_01142_mass_RIGHT_MLO_1-048.png,/app/data/processed/contrast/P_01142_mass_RIGHT_MLO_1-048.png,/app/data/processed/sharpened/P_01142_mass_RIGHT_MLO_1-048.png,mixed_poisson_gaussian,anscombe_wiener,/app/data/processed/noisy/mixed_poisson_gaussian/P_01142_mass_RIGHT_MLO_1-048.png,/app/data/processed/denoised/anscombe_wiener/mixed_poisson_gaussian_P_01142_mass_RIGHT_MLO_1-048.png
P_01142,mass,RIGHT,MLO,BENIGN_WITHOUT_CALLBACK,0,train,/app/data/raw/CBIS_DDSM/jpeg/1.3.6.1.4.1.9590.100.1.2.101462230211922707319927858504016007558/1-048.jpg,/app/data/processed/normalized/P_01142_mass_RIGHT_MLO_1-048.png,/app/data/processed/contrast/P_01142_mass_RIGHT_MLO_1-048.png,/app/data/processed/sharpened/P_01142_mass_RIGHT_MLO_1-048.png,mixed_poisson_gaussian,adaptive_median,/app/data/processed/noisy/mixed_poisson_gaussian/P_01142_mass_RIGHT_MLO_1-048.png,/app/data/processed/denoised/adaptive_median/mixed_poisson_gaussian_P_01142_mass_RIGHT_MLO_1-048.png
P_01142,mass,RIGHT,MLO,BENIGN_WITHOUT_CALLBACK,0,train,/app/data/raw/CBIS_DDSM/jpeg/1.3.6.1.4.1.9590.100.1.2.101462230211922707319927858504016007558/1-048.jpg,/app/data/processed/normalized/P_01142_mass_RIGHT_MLO_1-048.png,/app/data/processed/contrast/P_01142_mass_RIGHT_MLO_1-048.png,/app/data/processed/sharpened/P_01142_mass_RIGHT_MLO_1-048.png,mixed_poisson_gaussian,kuan,/app/data/processed/noisy/mixed_poisson_gaussian/P_01142_mass_RIGHT_MLO_1-048.png,/app/data/processed/denoised/kuan/mixed_poisson_gaussian_P_01142_mass_RIGHT_MLO_1-048.png
P_01144,mass,LEFT,CC,MALIGNANT,1,train,/app/data/raw/CBIS_DDSM/jpeg/1.3.6.1.4.1.9590.100.1.2.101979994513111795025203250011046951602/1-234.jpg,/app/data/processed/normalized/P_01144_mass_LEFT_CC_1-234.png,/app/data/processed/contrast/P_01144_mass_LEFT_CC_1-234.png,/app/data/processed/sharpened/P_01144_mass_LEFT_CC_1-234.png,gaussian,median,/app/data/processed/noisy/gaussian/P_01144_mass_LEFT_CC_1-234.png,/app/data/processed/denoised/median/gaussian_P_01144_mass_LEFT_CC_1-234.png
P_01144,mass,LEFT,CC,MALIGNANT,1,train,/app/data/raw/CBIS_DDSM/jpeg/1.3.6.1.4.1.9590.100.1.2.101979994513111795025203250011046951602/1-234.jpg,/app/data/processed/normalized/P_01144_mass_LEFT_CC_1-234.png,/app/data/processed/contrast/P_01144_mass_LEFT_CC_1-234.png,/app/data/processed/sharpened/P_01144_mass_LEFT_CC_1-234.png,gaussian,gaussian,/app/data/processed/noisy/gaussian/P_01144_mass_LEFT_CC_1-234.png,/app/data/processed/denoised/gaussian/gaussian_P_01144_mass_LEFT_CC_1-234.png
P_01144,mass,LEFT,CC,MALIGNANT,1,train,/app/data/raw/CBIS_DDSM/jpeg/1.3.6.1.4.1.9590.100.1.2.101979994513111795025203250011046951602/1-234.jpg,/app/data/processed/normalized/P_01144_mass_LEFT_CC_1-234.png,/app/data/processed/contrast/P_01144_mass_LEFT_CC_1-234.png,/app/data/processed/sharpened/P_01144_mass_LEFT_CC_1-234.png,gaussian,wiener,/app/data/processed/noisy/gaussian/P_01144_mass_LEFT_CC_1-234.png,/app/data/processed/denoised/wiener/gaussian_P_01144_mass_LEFT_CC_1-234.png
P_01144,mass,LEFT,CC,MALIGNANT,1,train,/app/data/raw/CBIS_DDSM/jpeg/1.3.6.1.4.1.9590.100.1.2.101979994513111795025203250011046951602/1-234.jpg,/app/data/processed/normalized/P_01144_mass_LEFT_CC_1-234.png,/app/data/processed/contrast/P_01144_mass_LEFT_CC_1-234.png,/app/data/processed/sharpened/P_01144_mass_LEFT_CC_1-234.png,gaussian,bilateral,/app/data/processed/noisy/gaussian/P_01144_mass_LEFT_CC_1-234.png,/app/data/processed/denoised/bilateral/gaussian_P_01144_mass_LEFT_CC_1-234.png
P_01144,mass,LEFT,CC,MALIGNANT,1,train,/app/data/raw/CBIS_DDSM/jpeg/1.3.6.1.4.1.9590.100.1.2.101979994513111795025203250011046951602/1-234.jpg,/app/data/processed/normalized/P_01144_mass_LEFT_CC_1-234.png,/app/data/processed/contrast/P_01144_mass_LEFT_CC_1-234.png,/app/data/processed/sharpened/P_01144_mass_LEFT_CC_1-234.png,gaussian,non_local_means,/app/data/processed/noisy/gaussian/P_01144_mass_LEFT_CC_1-234.png,/app/data/processed/denoised/non_local_means/gaussian_P_01144_mass_LEFT_CC_1-234.png
P_01144,mass,LEFT,CC,MALIGNANT,1,train,/app/data/raw/CBIS_DDSM/jpeg/1.3.6.1.4.1.9590.100.1.2.101979994513111795025203250011046951602/1-234.jpg,/app/data/processed/normalized/P_01144_mass_LEFT_CC_1-234.png,/app/data/processed/contrast/P_01144_mass_LEFT_CC_1-234.png,/app/data/processed/sharpened/P_01144_mass_LEFT_CC_1-234.png,gaussian,anscombe_wiener,/app/data/processed/noisy/gaussian/P_01144_mass_LEFT_CC_1-234.png,/app/data/processed/denoised/anscombe_wiener/gaussian_P_01144_mass_LEFT_CC_1-234.png
P_01144,mass,LEFT,CC,MALIGNANT,1,train,/app/data/raw/CBIS_DDSM/jpeg/1.3.6.1.4.1.9590.100.1.2.101979994513111795025203250011046951602/1-234.jpg,/app/data/processed/normalized/P_01144_mass_LEFT_CC_1-234.png,/app/data/processed/contrast/P_01144_mass_LEFT_CC_1-234.png,/app/data/processed/sharpened/P_01144_mass_LEFT_CC_1-234.png,gaussian,adaptive_median,/app/data/processed/noisy/gaussian/P_01144_mass_LEFT_CC_1-234.png,/app/data/processed/denoised/adaptive_median/gaussian_P_01144_mass_LEFT_CC_1-234.png
P_01144,mass,LEFT,CC,MALIGNANT,1,train,/app/data/raw/CBIS_DDSM/jpeg/1.3.6.1.4.1.9590.100.1.2.101979994513111795025203250011046951602/1-234.jpg,/app/data/processed/normalized/P_01144_mass_LEFT_CC_1-234.png,/app/data/processed/contrast/P_01144_mass_LEFT_CC_1-234.png,/app/data/processed/sharpened/P_01144_mass_LEFT_CC_1-234.png,gaussian,kuan,/app/data/processed/noisy/gaussian/P_01144_mass_LEFT_CC_1-234.png,/app/data/processed/denoised/kuan/gaussian_P_01144_mass_LEFT_CC_1-234.png
P_01144,mass,LEFT,CC,MALIGNANT,1,train,/app/data/raw/CBIS_DDSM/jpeg/1.3.6.1.4.1.9590.100.1.2.101979994513111795025203250011046951602/1-234.jpg,/app/data/processed/normalized/P_01144_mass_LEFT_CC_1-234.png,/app/data/processed/contrast/P_01144_mass_LEFT_CC_1-234.png,/app/data/processed/sharpened/P_01144_mass_LEFT_CC_1-234.png,salt_pepper,median,/app/data/processed/noisy/salt_pepper/P_01144_mass_LEFT_CC_1-234.png,/app/data/processed/denoised/median/salt_pepper_P_01144_mass_LEFT_CC_1-234.png
P_01144,mass,LEFT,CC,MALIGNANT,1,train,/app/data/raw/CBIS_DDSM/jpeg/1.3.6.1.4.1.9590.100.1.2.101979994513111795025203250011046951602/1-234.jpg,/app/data/processed/normalized/P_01144_mass_LEFT_CC_1-234.png,/app/data/processed/contrast/P_01144_mass_LEFT_CC_1-234.png,/app/data/processed/sharpened/P_01144_mass_LEFT_CC_1-234.png,salt_pepper,gaussian,/app/data/processed/noisy/salt_pepper/P_01144_mass_LEFT_CC_1-234.png,/app/data/processed/denoised/gaussian/salt_pepper_P_01144_mass_LEFT_CC_1-234.png
P_01144,mass,LEFT,CC,MALIGNANT,1,train,/app/data/raw/CBIS_DDSM/jpeg/1.3.6.1.4.1.9590.100.1.2.101979994513111795025203250011046951602/1-234.jpg,/app/data/processed/normalized/P_01144_mass_LEFT_CC_1-234.png,/app/data/processed/contrast/P_01144_mass_LEFT_CC_1-234.png,/app/data/processed/sharpened/P_01144_mass_LEFT_CC_1-234.png,salt_pepper,wiener,/app/data/processed/noisy/salt_pepper/P_01144_mass_LEFT_CC_1-234.png,/app/data/processed/denoised/wiener/salt_pepper_P_01144_mass_LEFT_CC_1-234.png
P_01144,mass,LEFT,CC,MALIGNANT,1,train,/app/data/raw/CBIS_DDSM/jpeg/1.3.6.1.4.1.9590.100.1.2.101979994513111795025203250011046951602/1-234.jpg,/app/data/processed/normalized/P_01144_mass_LEFT_CC_1-234.png,/app/data/processed/contrast/P_01144_mass_LEFT_CC_1-234.png,/app/data/processed/sharpened/P_01144_mass_LEFT_CC_1-234.png,salt_pepper,bilateral,/app/data/processed/noisy/salt_pepper/P_01144_mass_LEFT_CC_1-234.png,/app/data/processed/denoised/bilateral/salt_pepper_P_01144_mass_LEFT_CC_1-234.png
P_01144,mass,LEFT,CC,MALIGNANT,1,train,/app/data/raw/CBIS_DDSM/jpeg/1.3.6.1.4.1.9590.100.1.2.101979994513111795025203250011046951602/1-234.jpg,/app/data/processed/normalized/P_01144_mass_LEFT_CC_1-234.png,/app/data/processed/contrast/P_01144_mass_LEFT_CC_1-234.png,/app/data/processed/sharpened/P_01144_mass_LEFT_CC_1-234.png,salt_pepper,non_local_means,/app/data/processed/noisy/salt_pepper/P_01144_mass_LEFT_CC_1-234.png,/app/data/processed/denoised/non_local_means/salt_pepper_P_01144_mass_LEFT_CC_1-234.png
P_01144,mass,LEFT,CC,MALIGNANT,1,train,/app/data/raw/CBIS_DDSM/jpeg/1.3.6.1.4.1.9590.100.1.2.101979994513111795025203250011046951602/1-234.jpg,/app/data/processed/normalized/P_01144_mass_LEFT_CC_1-234.png,/app/data/processed/contrast/P_01144_mass_LEFT_CC_1-234.png,/app/data/processed/sharpened/P_01144_mass_LEFT_CC_1-234.png,salt_pepper,anscombe_wiener,/app/data/processed/noisy/salt_pepper/P_01144_mass_LEFT_CC_1-234.png,/app/data/processed/denoised/anscombe_wiener/salt_pepper_P_01144_mass_LEFT_CC_1-234.png
P_01144,mass,LEFT,CC,MALIGNANT,1,train,/app/data/raw/CBIS_DDSM/jpeg/1.3.6.1.4.1.9590.100.1.2.101979994513111795025203250011046951602/1-234.jpg,/app/data/processed/normalized/P_01144_mass_LEFT_CC_1-234.png,/app/data/processed/contrast/P_01144_mass_LEFT_CC_1-234.png,/app/data/processed/sharpened/P_01144_mass_LEFT_CC_1-234.png,salt_pepper,adaptive_median,/app/data/processed/noisy/salt_pepper/P_01144_mass_LEFT_CC_1-234.png,/app/data/processed/denoised/adaptive_median/salt_pepper_P_01144_mass_LEFT_CC_1-234.png
P_01144,mass,LEFT,CC,MALIGNANT,1,train,/app/data/raw/CBIS_DDSM/jpeg/1.3.6.1.4.1.9590.100.1.2.101979994513111795025203250011046951602/1-234.jpg,/app/data/processed/normalized/P_01144_mass_LEFT_CC_1-234.png,/app/data/processed/contrast/P_01144_mass_LEFT_CC_1-234.png,/app/data/processed/sharpened/P_01144_mass_LEFT_CC_1-234.png,salt_pepper,kuan,/app/data/processed/noisy/salt_pepper/P_01144_mass_LEFT_CC_1-234.png,/app/data/processed/denoised/kuan/salt_pepper_P_01144_mass_LEFT_CC_1-234.png
P_01144,mass,LEFT,CC,MALIGNANT,1,train,/app/data/raw/CBIS_DDSM/jpeg/1.3.6.1.4.1.9590.100.1.2.101979994513111795025203250011046951602/1-234.jpg,/app/data/processed/normalized/P_01144_mass_LEFT_CC_1-234.png,/app/data/processed/contrast/P_01144_mass_LEFT_CC_1-234.png,/app/data/processed/sharpened/P_01144_mass_LEFT_CC_1-234.png,speckle,median,/app/data/processed/noisy/speckle/P_01144_mass_LEFT_CC_1-234.png,/app/data/processed/denoised/median/speckle_P_01144_mass_LEFT_CC_1-234.png
P_01144,mass,LEFT,CC,MALIGNANT,1,train,/app/data/raw/CBIS_DDSM/jpeg/1.3.6.1.4.1.9590.100.1.2.101979994513111795025203250011046951602/1-234.jpg,/app/data/processed/normalized/P_01144_mass_LEFT_CC_1-234.png,/app/data/processed/contrast/P_01144_mass_LEFT_CC_1-234.png,/app/data/processed/sharpened/P_01144_mass_LEFT_CC_1-234.png,speckle,gaussian,/app/data/processed/noisy/speckle/P_01144_mass_LEFT_CC_1-234.png,/app/data/processed/denoised/gaussian/speckle_P_01144_mass_LEFT_CC_1-234.png
P_01144,mass,LEFT,CC,MALIGNANT,1,train,/app/data/raw/CBIS_DDSM/jpeg/1.3.6.1.4.1.9590.100.1.2.101979994513111795025203250011046951602/1-234.jpg,/app/data/processed/normalized/P_01144_mass_LEFT_CC_1-234.png,/app/data/processed/contrast/P_01144_mass_LEFT_CC_1-234.png,/app/data/processed/sharpened/P_01144_mass_LEFT_CC_1-234.png,speckle,wiener,/app/data/processed/noisy/speckle/P_01144_mass_LEFT_CC_1-234.png,/app/data/processed/denoised/wiener/speckle_P_01144_mass_LEFT_CC_1-234.png
P_01144,mass,LEFT,CC,MALIGNANT,1,train,/app/data/raw/CBIS_DDSM/jpeg/1.3.6.1.4.1.9590.100.1.2.101979994513111795025203250011046951602/1-234.jpg,/app/data/processed/normalized/P_01144_mass_LEFT_CC_1-234.png,/app/data/processed/contrast/P_01144_mass_LEFT_CC_1-234.png,/app/data/processed/sharpened/P_01144_mass_LEFT_CC_1-234.png,speckle,bilateral,/app/data/processed/noisy/speckle/P_01144_mass_LEFT_CC_1-234.png,/app/data/processed/denoised/bilateral/speckle_P_01144_mass_LEFT_CC_1-234.png
P_01144,mass,LEFT,CC,MALIGNANT,1,train,/app/data/raw/CBIS_DDSM/jpeg/1.3.6.1.4.1.9590.100.1.2.101979994513111795025203250011046951602/1-234.jpg,/app/data/processed/normalized/P_01144_mass_LEFT_CC_1-234.png,/app/data/processed/contrast/P_01144_mass_LEFT_CC_1-234.png,/app/data/processed/sharpened/P_01144_mass_LEFT_CC_1-234.png,speckle,non_local_means,/app/data/processed/noisy/speckle/P_01144_mass_LEFT_CC_1-234.png,/app/data/processed/denoised/non_local_means/speckle_P_01144_mass_LEFT_CC_1-234.png
P_01144,mass,LEFT,CC,MALIGNANT,1,train,/app/data/raw/CBIS_DDSM/jpeg/1.3.6.1.4.1.9590.100.1.2.101979994513111795025203250011046951602/1-234.jpg,/app/data/processed/normalized/P_01144_mass_LEFT_CC_1-234.png,/app/data/processed/contrast/P_01144_mass_LEFT_CC_1-234.png,/app/data/processed/sharpened/P_01144_mass_LEFT_CC_1-234.png,speckle,anscombe_wiener,/app/data/processed/noisy/speckle/P_01144_mass_LEFT_CC_1-234.png,/app/data/processed/denoised/anscombe_wiener/speckle_P_01144_mass_LEFT_CC_1-234.png
P_01144,mass,LEFT,CC,MALIGNANT,1,train,/app/data/raw/CBIS_DDSM/jpeg/1.3.6.1.4.1.9590.100.1.2.101979994513111795025203250011046951602/1-234.jpg,/app/data/processed/normalized/P_01144_mass_LEFT_CC_1-234.png,/app/data/processed/contrast/P_01144_mass_LEFT_CC_1-234.png,/app/data/processed/sharpened/P_01144_mass_LEFT_CC_1-234.png,speckle,adaptive_median,/app/data/processed/noisy/speckle/P_01144_mass_LEFT_CC_1-234.png,/app/data/processed/denoised/adaptive_median/speckle_P_01144_mass_LEFT_CC_1-234.png
P_01144,mass,LEFT,CC,MALIGNANT,1,train,/app/data/raw/CBIS_DDSM/jpeg/1.3.6.1.4.1.9590.100.1.2.101979994513111795025203250011046951602/1-234.jpg,/app/data/processed/normalized/P_01144_mass_LEFT_CC_1-234.png,/app/data/processed/contrast/P_01144_mass_LEFT_CC_1-234.png,/app/data/processed/sharpened/P_01144_mass_LEFT_CC_1-234.png,speckle,kuan,/app/data/processed/noisy/speckle/P_01144_mass_LEFT_CC_1-234.png,/app/data/processed/denoised/kuan/speckle_P_01144_mass_LEFT_CC_1-234.png
P_01144,mass,LEFT,CC,MALIGNANT,1,train,/app/data/raw/CBIS_DDSM/jpeg/1.3.6.1.4.1.9590.100.1.2.101979994513111795025203250011046951602/1-234.jpg,/app/data/processed/normalized/P_01144_mass_LEFT_CC_1-234.png,/app/data/processed/contrast/P_01144_mass_LEFT_CC_1-234.png,/app/data/processed/sharpened/P_01144_mass_LEFT_CC_1-234.png,poisson,median,/app/data/processed/noisy/poisson/P_01144_mass_LEFT_CC_1-234.png,/app/data/processed/denoised/median/poisson_P_01144_mass_LEFT_CC_1-234.png
P_01144,mass,LEFT,CC,MALIGNANT,1,train,/app/data/raw/CBIS_DDSM/jpeg/1.3.6.1.4.1.9590.100.1.2.101979994513111795025203250011046951602/1-234.jpg,/app/data/processed/normalized/P_01144_mass_LEFT_CC_1-234.png,/app/data/processed/contrast/P_01144_mass_LEFT_CC_1-234.png,/app/data/processed/sharpened/P_01144_mass_LEFT_CC_1-234.png,poisson,gaussian,/app/data/processed/noisy/poisson/P_01144_mass_LEFT_CC_1-234.png,/app/data/processed/denoised/gaussian/poisson_P_01144_mass_LEFT_CC_1-234.png
P_01144,mass,LEFT,CC,MALIGNANT,1,train,/app/data/raw/CBIS_DDSM/jpeg/1.3.6.1.4.1.9590.100.1.2.101979994513111795025203250011046951602/1-234.jpg,/app/data/processed/normalized/P_01144_mass_LEFT_CC_1-234.png,/app/data/processed/contrast/P_01144_mass_LEFT_CC_1-234.png,/app/data/processed/sharpened/P_01144_mass_LEFT_CC_1-234.png,poisson,wiener,/app/data/processed/noisy/poisson/P_01144_mass_LEFT_CC_1-234.png,/app/data/processed/denoised/wiener/poisson_P_01144_mass_LEFT_CC_1-234.png
P_01144,mass,LEFT,CC,MALIGNANT,1,train,/app/data/raw/CBIS_DDSM/jpeg/1.3.6.1.4.1.9590.100.1.2.101979994513111795025203250011046951602/1-234.jpg,/app/data/processed/normalized/P_01144_mass_LEFT_CC_1-234.png,/app/data/processed/contrast/P_01144_mass_LEFT_CC_1-234.png,/app/data/processed/sharpened/P_01144_mass_LEFT_CC_1-234.png,poisson,bilateral,/app/data/processed/noisy/poisson/P_01144_mass_LEFT_CC_1-234.png,/app/data/processed/denoised/bilateral/poisson_P_01144_mass_LEFT_CC_1-234.png
P_01144,mass,LEFT,CC,MALIGNANT,1,train,/app/data/raw/CBIS_DDSM/jpeg/1.3.6.1.4.1.9590.100.1.2.101979994513111795025203250011046951602/1-234.jpg,/app/data/processed/normalized/P_01144_mass_LEFT_CC_1-234.png,/app/data/processed/contrast/P_01144_mass_LEFT_CC_1-234.png,/app/data/processed/sharpened/P_01144_mass_LEFT_CC_1-234.png,poisson,non_local_means,/app/data/processed/noisy/poisson/P_01144_mass_LEFT_CC_1-234.png,/app/data/processed/denoised/non_local_means/poisson_P_01144_mass_LEFT_CC_1-234.png
P_01144,mass,LEFT,CC,MALIGNANT,1,train,/app/data/raw/CBIS_DDSM/jpeg/1.3.6.1.4.1.9590.100.1.2.101979994513111795025203250011046951602/1-234.jpg,/app/data/processed/normalized/P_01144_mass_LEFT_CC_1-234.png,/app/data/processed/contrast/P_01144_mass_LEFT_CC_1-234.png,/app/data/processed/sharpened/P_01144_mass_LEFT_CC_1-234.png,poisson,anscombe_wiener,/app/data/processed/noisy/poisson/P_01144_mass_LEFT_CC_1-234.png,/app/data/processed/denoised/anscombe_wiener/poisson_P_01144_mass_LEFT_CC_1-234.png
P_01144,mass,LEFT,CC,MALIGNANT,1,train,/app/data/raw/CBIS_DDSM/jpeg/1.3.6.1.4.1.9590.100.1.2.101979994513111795025203250011046951602/1-234.jpg,/app/data/processed/normalized/P_01144_mass_LEFT_CC_1-234.png,/app/data/processed/contrast/P_01144_mass_LEFT_CC_1-234.png,/app/data/processed/sharpened/P_01144_mass_LEFT_CC_1-234.png,poisson,adaptive_median,/app/data/processed/noisy/poisson/P_01144_mass_LEFT_CC_1-234.png,/app/data/processed/denoised/adaptive_median/poisson_P_01144_mass_LEFT_CC_1-234.png
P_01144,mass,LEFT,CC,MALIGNANT,1,train,/app/data/raw/CBIS_DDSM/jpeg/1.3.6.1.4.1.9590.100.1.2.101979994513111795025203250011046951602/1-234.jpg,/app/data/processed/normalized/P_01144_mass_LEFT_CC_1-234.png,/app/data/processed/contrast/P_01144_mass_LEFT_CC_1-234.png,/app/data/processed/sharpened/P_01144_mass_LEFT_CC_1-234.png,poisson,kuan,/app/data/processed/noisy/poisson/P_01144_mass_LEFT_CC_1-234.png,/app/data/processed/denoised/kuan/poisson_P_01144_mass_LEFT_CC_1-234.png
P_01144,mass,LEFT,CC,MALIGNANT,1,train,/app/data/raw/CBIS_DDSM/jpeg/1.3.6.1.4.1.9590.100.1.2.101979994513111795025203250011046951602/1-234.jpg,/app/data/processed/normalized/P_01144_mass_LEFT_CC_1-234.png,/app/data/processed/contrast/P_01144_mass_LEFT_CC_1-234.png,/app/data/processed/sharpened/P_01144_mass_LEFT_CC_1-234.png,mixed_poisson_gaussian,median,/app/data/processed/noisy/mixed_poisson_gaussian/P_01144_mass_LEFT_CC_1-234.png,/app/data/processed/denoised/median/mixed_poisson_gaussian_P_01144_mass_LEFT_CC_1-234.png
P_01144,mass,LEFT,CC,MALIGNANT,1,train,/app/data/raw/CBIS_DDSM/jpeg/1.3.6.1.4.1.9590.100.1.2.101979994513111795025203250011046951602/1-234.jpg,/app/data/processed/normalized/P_01144_mass_LEFT_CC_1-234.png,/app/data/processed/contrast/P_01144_mass_LEFT_CC_1-234.png,/app/data/processed/sharpened/P_01144_mass_LEFT_CC_1-234.png,mixed_poisson_gaussian,gaussian,/app/data/processed/noisy/mixed_poisson_gaussian/P_01144_mass_LEFT_CC_1-234.png,/app/data/processed/denoised/gaussian/mixed_poisson_gaussian_P_01144_mass_LEFT_CC_1-234.png
P_01144,mass,LEFT,CC,MALIGNANT,1,train,/app/data/raw/CBIS_DDSM/jpeg/1.3.6.1.4.1.9590.100.1.2.101979994513111795025203250011046951602/1-234.jpg,/app/data/processed/normalized/P_01144_mass_LEFT_CC_1-234.png,/app/data/processed/contrast/P_01144_mass_LEFT_CC_1-234.png,/app/data/processed/sharpened/P_01144_mass_LEFT_CC_1-234.png,mixed_poisson_gaussian,wiener,/app/data/processed/noisy/mixed_poisson_gaussian/P_01144_mass_LEFT_CC_1-234.png,/app/data/processed/denoised/wiener/mixed_poisson_gaussian_P_01144_mass_LEFT_CC_1-234.png
P_01144,mass,LEFT,CC,MALIGNANT,1,train,/app/data/raw/CBIS_DDSM/jpeg/1.3.6.1.4.1.9590.100.1.2.101979994513111795025203250011046951602/1-234.jpg,/app/data/processed/normalized/P_01144_mass_LEFT_CC_1-234.png,/app/data/processed/contrast/P_01144_mass_LEFT_CC_1-234.png,/app/data/processed/sharpened/P_01144_mass_LEFT_CC_1-234.png,mixed_poisson_gaussian,bilateral,/app/data/processed/noisy/mixed_poisson_gaussian/P_01144_mass_LEFT_CC_1-234.png,/app/data/processed/denoised/bilateral/mixed_poisson_gaussian_P_01144_mass_LEFT_CC_1-234.png
P_01144,mass,LEFT,CC,MALIGNANT,1,train,/app/data/raw/CBIS_DDSM/jpeg/1.3.6.1.4.1.9590.100.1.2.101979994513111795025203250011046951602/1-234.jpg,/app/data/processed/normalized/P_01144_mass_LEFT_CC_1-234.png,/app/data/processed/contrast/P_01144_mass_LEFT_CC_1-234.png,/app/data/processed/sharpened/P_01144_mass_LEFT_CC_1-234.png,mixed_poisson_gaussian,non_local_means,/app/data/processed/noisy/mixed_poisson_gaussian/P_01144_mass_LEFT_CC_1-234.png,/app/data/processed/denoised/non_local_means/mixed_poisson_gaussian_P_01144_mass_LEFT_CC_1-234.png
P_01144,mass,LEFT,CC,MALIGNANT,1,train,/app/data/raw/CBIS_DDSM/jpeg/1.3.6.1.4.1.9590.100.1.2.101979994513111795025203250011046951602/1-234.jpg,/app/data/processed/normalized/P_01144_mass_LEFT_CC_1-234.png,/app/data/processed/contrast/P_01144_mass_LEFT_CC_1-234.png,/app/data/processed/sharpened/P_01144_mass_LEFT_CC_1-234.png,mixed_poisson_gaussian,anscombe_wiener,/app/data/processed/noisy/mixed_poisson_gaussian/P_01144_mass_LEFT_CC_1-234.png,/app/data/processed/denoised/anscombe_wiener/mixed_poisson_gaussian_P_01144_mass_LEFT_CC_1-234.png
P_01144,mass,LEFT,CC,MALIGNANT,1,train,/app/data/raw/CBIS_DDSM/jpeg/1.3.6.1.4.1.9590.100.1.2.101979994513111795025203250011046951602/1-234.jpg,/app/data/processed/normalized/P_01144_mass_LEFT_CC_1-234.png,/app/data/processed/contrast/P_01144_mass_LEFT_CC_1-234.png,/app/data/processed/sharpened/P_01144_mass_LEFT_CC_1-234.png,mixed_poisson_gaussian,adaptive_median,/app/data/processed/noisy/mixed_poisson_gaussian/P_01144_mass_LEFT_CC_1-234.png,/app/data/processed/denoised/adaptive_median/mixed_poisson_gaussian_P_01144_mass_LEFT_CC_1-234.png
P_01144,mass,LEFT,CC,MALIGNANT,1,train,/app/data/raw/CBIS_DDSM/jpeg/1.3.6.1.4.1.9590.100.1.2.101979994513111795025203250011046951602/1-234.jpg,/app/data/processed/normalized/P_01144_mass_LEFT_CC_1-234.png,/app/data/processed/contrast/P_01144_mass_LEFT_CC_1-234.png,/app/data/processed/sharpened/P_01144_mass_LEFT_CC_1-234.png,mixed_poisson_gaussian,kuan,/app/data/processed/noisy/mixed_poisson_gaussian/P_01144_mass_LEFT_CC_1-234.png,/app/data/processed/denoised/kuan/mixed_poisson_gaussian_P_01144_mass_LEFT_CC_1-234.png
P_01232,mass,RIGHT,CC,MALIGNANT,1,train,/app/data/raw/CBIS_DDSM/jpeg/1.3.6.1.4.1.9590.100.1.2.101302820113690396725231863062647135083/1-162.jpg,/app/data/processed/normalized/P_01232_mass_RIGHT_CC_1-162.png,/app/data/processed/contrast/P_01232_mass_RIGHT_CC_1-162.png,/app/data/processed/sharpened/P_01232_mass_RIGHT_CC_1-162.png,gaussian,median,/app/data/processed/noisy/gaussian/P_01232_mass_RIGHT_CC_1-162.png,/app/data/processed/denoised/median/gaussian_P_01232_mass_RIGHT_CC_1-162.png
P_01232,mass,RIGHT,CC,MALIGNANT,1,train,/app/data/raw/CBIS_DDSM/jpeg/1.3.6.1.4.1.9590.100.1.2.101302820113690396725231863062647135083/1-162.jpg,/app/data/processed/normalized/P_01232_mass_RIGHT_CC_1-162.png,/app/data/processed/contrast/P_01232_mass_RIGHT_CC_1-162.png,/app/data/processed/sharpened/P_01232_mass_RIGHT_CC_1-162.png,gaussian,gaussian,/app/data/processed/noisy/gaussian/P_01232_mass_RIGHT_CC_1-162.png,/app/data/processed/denoised/gaussian/gaussian_P_01232_mass_RIGHT_CC_1-162.png
P_01232,mass,RIGHT,CC,MALIGNANT,1,train,/app/data/raw/CBIS_DDSM/jpeg/1.3.6.1.4.1.9590.100.1.2.101302820113690396725231863062647135083/1-162.jpg,/app/data/processed/normalized/P_01232_mass_RIGHT_CC_1-162.png,/app/data/processed/contrast/P_01232_mass_RIGHT_CC_1-162.png,/app/data/processed/sharpened/P_01232_mass_RIGHT_CC_1-162.png,gaussian,wiener,/app/data/processed/noisy/gaussian/P_01232_mass_RIGHT_CC_1-162.png,/app/data/processed/denoised/wiener/gaussian_P_01232_mass_RIGHT_CC_1-162.png
P_01232,mass,RIGHT,CC,MALIGNANT,1,train,/app/data/raw/CBIS_DDSM/jpeg/1.3.6.1.4.1.9590.100.1.2.101302820113690396725231863062647135083/1-162.jpg,/app/data/processed/normalized/P_01232_mass_RIGHT_CC_1-162.png,/app/data/processed/contrast/P_01232_mass_RIGHT_CC_1-162.png,/app/data/processed/sharpened/P_01232_mass_RIGHT_CC_1-162.png,gaussian,bilateral,/app/data/processed/noisy/gaussian/P_01232_mass_RIGHT_CC_1-162.png,/app/data/processed/denoised/bilateral/gaussian_P_01232_mass_RIGHT_CC_1-162.png
P_01232,mass,RIGHT,CC,MALIGNANT,1,train,/app/data/raw/CBIS_DDSM/jpeg/1.3.6.1.4.1.9590.100.1.2.101302820113690396725231863062647135083/1-162.jpg,/app/data/processed/normalized/P_01232_mass_RIGHT_CC_1-162.png,/app/data/processed/contrast/P_01232_mass_RIGHT_CC_1-162.png,/app/data/processed/sharpened/P_01232_mass_RIGHT_CC_1-162.png,gaussian,non_local_means,/app/data/processed/noisy/gaussian/P_01232_mass_RIGHT_CC_1-162.png,/app/data/processed/denoised/non_local_means/gaussian_P_01232_mass_RIGHT_CC_1-162.png
P_01232,mass,RIGHT,CC,MALIGNANT,1,train,/app/data/raw/CBIS_DDSM/jpeg/1.3.6.1.4.1.9590.100.1.2.101302820113690396725231863062647135083/1-162.jpg,/app/data/processed/normalized/P_01232_mass_RIGHT_CC_1-162.png,/app/data/processed/contrast/P_01232_mass_RIGHT_CC_1-162.png,/app/data/processed/sharpened/P_01232_mass_RIGHT_CC_1-162.png,gaussian,anscombe_wiener,/app/data/processed/noisy/gaussian/P_01232_mass_RIGHT_CC_1-162.png,/app/data/processed/denoised/anscombe_wiener/gaussian_P_01232_mass_RIGHT_CC_1-162.png
P_01232,mass,RIGHT,CC,MALIGNANT,1,train,/app/data/raw/CBIS_DDSM/jpeg/1.3.6.1.4.1.9590.100.1.2.101302820113690396725231863062647135083/1-162.jpg,/app/data/processed/normalized/P_01232_mass_RIGHT_CC_1-162.png,/app/data/processed/contrast/P_01232_mass_RIGHT_CC_1-162.png,/app/data/processed/sharpened/P_01232_mass_RIGHT_CC_1-162.png,gaussian,adaptive_median,/app/data/processed/noisy/gaussian/P_01232_mass_RIGHT_CC_1-162.png,/app/data/processed/denoised/adaptive_median/gaussian_P_01232_mass_RIGHT_CC_1-162.png
P_01232,mass,RIGHT,CC,MALIGNANT,1,train,/app/data/raw/CBIS_DDSM/jpeg/1.3.6.1.4.1.9590.100.1.2.101302820113690396725231863062647135083/1-162.jpg,/app/data/processed/normalized/P_01232_mass_RIGHT_CC_1-162.png,/app/data/processed/contrast/P_01232_mass_RIGHT_CC_1-162.png,/app/data/processed/sharpened/P_01232_mass_RIGHT_CC_1-162.png,gaussian,kuan,/app/data/processed/noisy/gaussian/P_01232_mass_RIGHT_CC_1-162.png,/app/data/processed/denoised/kuan/gaussian_P_01232_mass_RIGHT_CC_1-162.png
P_01232,mass,RIGHT,CC,MALIGNANT,1,train,/app/data/raw/CBIS_DDSM/jpeg/1.3.6.1.4.1.9590.100.1.2.101302820113690396725231863062647135083/1-162.jpg,/app/data/processed/normalized/P_01232_mass_RIGHT_CC_1-162.png,/app/data/processed/contrast/P_01232_mass_RIGHT_CC_1-162.png,/app/data/processed/sharpened/P_01232_mass_RIGHT_CC_1-162.png,salt_pepper,median,/app/data/processed/noisy/salt_pepper/P_01232_mass_RIGHT_CC_1-162.png,/app/data/processed/denoised/median/salt_pepper_P_01232_mass_RIGHT_CC_1-162.png
P_01232,mass,RIGHT,CC,MALIGNANT,1,train,/app/data/raw/CBIS_DDSM/jpeg/1.3.6.1.4.1.9590.100.1.2.101302820113690396725231863062647135083/1-162.jpg,/app/data/processed/normalized/P_01232_mass_RIGHT_CC_1-162.png,/app/data/processed/contrast/P_01232_mass_RIGHT_CC_1-162.png,/app/data/processed/sharpened/P_01232_mass_RIGHT_CC_1-162.png,salt_pepper,gaussian,/app/data/processed/noisy/salt_pepper/P_01232_mass_RIGHT_CC_1-162.png,/app/data/processed/denoised/gaussian/salt_pepper_P_01232_mass_RIGHT_CC_1-162.png
P_01232,mass,RIGHT,CC,MALIGNANT,1,train,/app/data/raw/CBIS_DDSM/jpeg/1.3.6.1.4.1.9590.100.1.2.101302820113690396725231863062647135083/1-162.jpg,/app/data/processed/normalized/P_01232_mass_RIGHT_CC_1-162.png,/app/data/processed/contrast/P_01232_mass_RIGHT_CC_1-162.png,/app/data/processed/sharpened/P_01232_mass_RIGHT_CC_1-162.png,salt_pepper,wiener,/app/data/processed/noisy/salt_pepper/P_01232_mass_RIGHT_CC_1-162.png,/app/data/processed/denoised/wiener/salt_pepper_P_01232_mass_RIGHT_CC_1-162.png
P_01232,mass,RIGHT,CC,MALIGNANT,1,train,/app/data/raw/CBIS_DDSM/jpeg/1.3.6.1.4.1.9590.100.1.2.101302820113690396725231863062647135083/1-162.jpg,/app/data/processed/normalized/P_01232_mass_RIGHT_CC_1-162.png,/app/data/processed/contrast/P_01232_mass_RIGHT_CC_1-162.png,/app/data/processed/sharpened/P_01232_mass_RIGHT_CC_1-162.png,salt_pepper,bilateral,/app/data/processed/noisy/salt_pepper/P_01232_mass_RIGHT_CC_1-162.png,/app/data/processed/denoised/bilateral/salt_pepper_P_01232_mass_RIGHT_CC_1-162.png
P_01232,mass,RIGHT,CC,MALIGNANT,1,train,/app/data/raw/CBIS_DDSM/jpeg/1.3.6.1.4.1.9590.100.1.2.101302820113690396725231863062647135083/1-162.jpg,/app/data/processed/normalized/P_01232_mass_RIGHT_CC_1-162.png,/app/data/processed/contrast/P_01232_mass_RIGHT_CC_1-162.png,/app/data/processed/sharpened/P_01232_mass_RIGHT_CC_1-162.png,salt_pepper,non_local_means,/app/data/processed/noisy/salt_pepper/P_01232_mass_RIGHT_CC_1-162.png,/app/data/processed/denoised/non_local_means/salt_pepper_P_01232_mass_RIGHT_CC_1-162.png
P_01232,mass,RIGHT,CC,MALIGNANT,1,train,/app/data/raw/CBIS_DDSM/jpeg/1.3.6.1.4.1.9590.100.1.2.101302820113690396725231863062647135083/1-162.jpg,/app/data/processed/normalized/P_01232_mass_RIGHT_CC_1-162.png,/app/data/processed/contrast/P_01232_mass_RIGHT_CC_1-162.png,/app/data/processed/sharpened/P_01232_mass_RIGHT_CC_1-162.png,salt_pepper,anscombe_wiener,/app/data/processed/noisy/salt_pepper/P_01232_mass_RIGHT_CC_1-162.png,/app/data/processed/denoised/anscombe_wiener/salt_pepper_P_01232_mass_RIGHT_CC_1-162.png
P_01232,mass,RIGHT,CC,MALIGNANT,1,train,/app/data/raw/CBIS_DDSM/jpeg/1.3.6.1.4.1.9590.100.1.2.101302820113690396725231863062647135083/1-162.jpg,/app/data/processed/normalized/P_01232_mass_RIGHT_CC_1-162.png,/app/data/processed/contrast/P_01232_mass_RIGHT_CC_1-162.png,/app/data/processed/sharpened/P_01232_mass_RIGHT_CC_1-162.png,salt_pepper,adaptive_median,/app/data/processed/noisy/salt_pepper/P_01232_mass_RIGHT_CC_1-162.png,/app/data/processed/denoised/adaptive_median/salt_pepper_P_01232_mass_RIGHT_CC_1-162.png
P_01232,mass,RIGHT,CC,MALIGNANT,1,train,/app/data/raw/CBIS_DDSM/jpeg/1.3.6.1.4.1.9590.100.1.2.101302820113690396725231863062647135083/1-162.jpg,/app/data/processed/normalized/P_01232_mass_RIGHT_CC_1-162.png,/app/data/processed/contrast/P_01232_mass_RIGHT_CC_1-162.png,/app/data/processed/sharpened/P_01232_mass_RIGHT_CC_1-162.png,salt_pepper,kuan,/app/data/processed/noisy/salt_pepper/P_01232_mass_RIGHT_CC_1-162.png,/app/data/processed/denoised/kuan/salt_pepper_P_01232_mass_RIGHT_CC_1-162.png
P_01232,mass,RIGHT,CC,MALIGNANT,1,train,/app/data/raw/CBIS_DDSM/jpeg/1.3.6.1.4.1.9590.100.1.2.101302820113690396725231863062647135083/1-162.jpg,/app/data/processed/normalized/P_01232_mass_RIGHT_CC_1-162.png,/app/data/processed/contrast/P_01232_mass_RIGHT_CC_1-162.png,/app/data/processed/sharpened/P_01232_mass_RIGHT_CC_1-162.png,speckle,median,/app/data/processed/noisy/speckle/P_01232_mass_RIGHT_CC_1-162.png,/app/data/processed/denoised/median/speckle_P_01232_mass_RIGHT_CC_1-162.png
P_01232,mass,RIGHT,CC,MALIGNANT,1,train,/app/data/raw/CBIS_DDSM/jpeg/1.3.6.1.4.1.9590.100.1.2.101302820113690396725231863062647135083/1-162.jpg,/app/data/processed/normalized/P_01232_mass_RIGHT_CC_1-162.png,/app/data/processed/contrast/P_01232_mass_RIGHT_CC_1-162.png,/app/data/processed/sharpened/P_01232_mass_RIGHT_CC_1-162.png,speckle,gaussian,/app/data/processed/noisy/speckle/P_01232_mass_RIGHT_CC_1-162.png,/app/data/processed/denoised/gaussian/speckle_P_01232_mass_RIGHT_CC_1-162.png
P_01232,mass,RIGHT,CC,MALIGNANT,1,train,/app/data/raw/CBIS_DDSM/jpeg/1.3.6.1.4.1.9590.100.1.2.101302820113690396725231863062647135083/1-162.jpg,/app/data/processed/normalized/P_01232_mass_RIGHT_CC_1-162.png,/app/data/processed/contrast/P_01232_mass_RIGHT_CC_1-162.png,/app/data/processed/sharpened/P_01232_mass_RIGHT_CC_1-162.png,speckle,wiener,/app/data/processed/noisy/speckle/P_01232_mass_RIGHT_CC_1-162.png,/app/data/processed/denoised/wiener/speckle_P_01232_mass_RIGHT_CC_1-162.png
P_01232,mass,RIGHT,CC,MALIGNANT,1,train,/app/data/raw/CBIS_DDSM/jpeg/1.3.6.1.4.1.9590.100.1.2.101302820113690396725231863062647135083/1-162.jpg,/app/data/processed/normalized/P_01232_mass_RIGHT_CC_1-162.png,/app/data/processed/contrast/P_01232_mass_RIGHT_CC_1-162.png,/app/data/processed/sharpened/P_01232_mass_RIGHT_CC_1-162.png,speckle,bilateral,/app/data/processed/noisy/speckle/P_01232_mass_RIGHT_CC_1-162.png,/app/data/processed/denoised/bilateral/speckle_P_01232_mass_RIGHT_CC_1-162.png
P_01232,mass,RIGHT,CC,MALIGNANT,1,train,/app/data/raw/CBIS_DDSM/jpeg/1.3.6.1.4.1.9590.100.1.2.101302820113690396725231863062647135083/1-162.jpg,/app/data/processed/normalized/P_01232_mass_RIGHT_CC_1-162.png,/app/data/processed/contrast/P_01232_mass_RIGHT_CC_1-162.png,/app/data/processed/sharpened/P_01232_mass_RIGHT_CC_1-162.png,speckle,non_local_means,/app/data/processed/noisy/speckle/P_01232_mass_RIGHT_CC_1-162.png,/app/data/processed/denoised/non_local_means/speckle_P_01232_mass_RIGHT_CC_1-162.png
P_01232,mass,RIGHT,CC,MALIGNANT,1,train,/app/data/raw/CBIS_DDSM/jpeg/1.3.6.1.4.1.9590.100.1.2.101302820113690396725231863062647135083/1-162.jpg,/app/data/processed/normalized/P_01232_mass_RIGHT_CC_1-162.png,/app/data/processed/contrast/P_01232_mass_RIGHT_CC_1-162.png,/app/data/processed/sharpened/P_01232_mass_RIGHT_CC_1-162.png,speckle,anscombe_wiener,/app/data/processed/noisy/speckle/P_01232_mass_RIGHT_CC_1-162.png,/app/data/processed/denoised/anscombe_wiener/speckle_P_01232_mass_RIGHT_CC_1-162.png
P_01232,mass,RIGHT,CC,MALIGNANT,1,train,/app/data/raw/CBIS_DDSM/jpeg/1.3.6.1.4.1.9590.100.1.2.101302820113690396725231863062647135083/1-162.jpg,/app/data/processed/normalized/P_01232_mass_RIGHT_CC_1-162.png,/app/data/processed/contrast/P_01232_mass_RIGHT_CC_1-162.png,/app/data/processed/sharpened/P_01232_mass_RIGHT_CC_1-162.png,speckle,adaptive_median,/app/data/processed/noisy/speckle/P_01232_mass_RIGHT_CC_1-162.png,/app/data/processed/denoised/adaptive_median/speckle_P_01232_mass_RIGHT_CC_1-162.png
P_01232,mass,RIGHT,CC,MALIGNANT,1,train,/app/data/raw/CBIS_DDSM/jpeg/1.3.6.1.4.1.9590.100.1.2.101302820113690396725231863062647135083/1-162.jpg,/app/data/processed/normalized/P_01232_mass_RIGHT_CC_1-162.png,/app/data/processed/contrast/P_01232_mass_RIGHT_CC_1-162.png,/app/data/processed/sharpened/P_01232_mass_RIGHT_CC_1-162.png,speckle,kuan,/app/data/processed/noisy/speckle/P_01232_mass_RIGHT_CC_1-162.png,/app/data/processed/denoised/kuan/speckle_P_01232_mass_RIGHT_CC_1-162.png
P_01232,mass,RIGHT,CC,MALIGNANT,1,train,/app/data/raw/CBIS_DDSM/jpeg/1.3.6.1.4.1.9590.100.1.2.101302820113690396725231863062647135083/1-162.jpg,/app/data/processed/normalized/P_01232_mass_RIGHT_CC_1-162.png,/app/data/processed/contrast/P_01232_mass_RIGHT_CC_1-162.png,/app/data/processed/sharpened/P_01232_mass_RIGHT_CC_1-162.png,poisson,median,/app/data/processed/noisy/poisson/P_01232_mass_RIGHT_CC_1-162.png,/app/data/processed/denoised/median/poisson_P_01232_mass_RIGHT_CC_1-162.png
P_01232,mass,RIGHT,CC,MALIGNANT,1,train,/app/data/raw/CBIS_DDSM/jpeg/1.3.6.1.4.1.9590.100.1.2.101302820113690396725231863062647135083/1-162.jpg,/app/data/processed/normalized/P_01232_mass_RIGHT_CC_1-162.png,/app/data/processed/contrast/P_01232_mass_RIGHT_CC_1-162.png,/app/data/processed/sharpened/P_01232_mass_RIGHT_CC_1-162.png,poisson,gaussian,/app/data/processed/noisy/poisson/P_01232_mass_RIGHT_CC_1-162.png,/app/data/processed/denoised/gaussian/poisson_P_01232_mass_RIGHT_CC_1-162.png
P_01232,mass,RIGHT,CC,MALIGNANT,1,train,/app/data/raw/CBIS_DDSM/jpeg/1.3.6.1.4.1.9590.100.1.2.101302820113690396725231863062647135083/1-162.jpg,/app/data/processed/normalized/P_01232_mass_RIGHT_CC_1-162.png,/app/data/processed/contrast/P_01232_mass_RIGHT_CC_1-162.png,/app/data/processed/sharpened/P_01232_mass_RIGHT_CC_1-162.png,poisson,wiener,/app/data/processed/noisy/poisson/P_01232_mass_RIGHT_CC_1-162.png,/app/data/processed/denoised/wiener/poisson_P_01232_mass_RIGHT_CC_1-162.png
P_01232,mass,RIGHT,CC,MALIGNANT,1,train,/app/data/raw/CBIS_DDSM/jpeg/1.3.6.1.4.1.9590.100.1.2.101302820113690396725231863062647135083/1-162.jpg,/app/data/processed/normalized/P_01232_mass_RIGHT_CC_1-162.png,/app/data/processed/contrast/P_01232_mass_RIGHT_CC_1-162.png,/app/data/processed/sharpened/P_01232_mass_RIGHT_CC_1-162.png,poisson,bilateral,/app/data/processed/noisy/poisson/P_01232_mass_RIGHT_CC_1-162.png,/app/data/processed/denoised/bilateral/poisson_P_01232_mass_RIGHT_CC_1-162.png
P_01232,mass,RIGHT,CC,MALIGNANT,1,train,/app/data/raw/CBIS_DDSM/jpeg/1.3.6.1.4.1.9590.100.1.2.101302820113690396725231863062647135083/1-162.jpg,/app/data/processed/normalized/P_01232_mass_RIGHT_CC_1-162.png,/app/data/processed/contrast/P_01232_mass_RIGHT_CC_1-162.png,/app/data/processed/sharpened/P_01232_mass_RIGHT_CC_1-162.png,poisson,non_local_means,/app/data/processed/noisy/poisson/P_01232_mass_RIGHT_CC_1-162.png,/app/data/processed/denoised/non_local_means/poisson_P_01232_mass_RIGHT_CC_1-162.png
P_01232,mass,RIGHT,CC,MALIGNANT,1,train,/app/data/raw/CBIS_DDSM/jpeg/1.3.6.1.4.1.9590.100.1.2.101302820113690396725231863062647135083/1-162.jpg,/app/data/processed/normalized/P_01232_mass_RIGHT_CC_1-162.png,/app/data/processed/contrast/P_01232_mass_RIGHT_CC_1-162.png,/app/data/processed/sharpened/P_01232_mass_RIGHT_CC_1-162.png,poisson,anscombe_wiener,/app/data/processed/noisy/poisson/P_01232_mass_RIGHT_CC_1-162.png,/app/data/processed/denoised/anscombe_wiener/poisson_P_01232_mass_RIGHT_CC_1-162.png
P_01232,mass,RIGHT,CC,MALIGNANT,1,train,/app/data/raw/CBIS_DDSM/jpeg/1.3.6.1.4.1.9590.100.1.2.101302820113690396725231863062647135083/1-162.jpg,/app/data/processed/normalized/P_01232_mass_RIGHT_CC_1-162.png,/app/data/processed/contrast/P_01232_mass_RIGHT_CC_1-162.png,/app/data/processed/sharpened/P_01232_mass_RIGHT_CC_1-162.png,poisson,adaptive_median,/app/data/processed/noisy/poisson/P_01232_mass_RIGHT_CC_1-162.png,/app/data/processed/denoised/adaptive_median/poisson_P_01232_mass_RIGHT_CC_1-162.png
P_01232,mass,RIGHT,CC,MALIGNANT,1,train,/app/data/raw/CBIS_DDSM/jpeg/1.3.6.1.4.1.9590.100.1.2.101302820113690396725231863062647135083/1-162.jpg,/app/data/processed/normalized/P_01232_mass_RIGHT_CC_1-162.png,/app/data/processed/contrast/P_01232_mass_RIGHT_CC_1-162.png,/app/data/processed/sharpened/P_01232_mass_RIGHT_CC_1-162.png,poisson,kuan,/app/data/processed/noisy/poisson/P_01232_mass_RIGHT_CC_1-162.png,/app/data/processed/denoised/kuan/poisson_P_01232_mass_RIGHT_CC_1-162.png
P_01232,mass,RIGHT,CC,MALIGNANT,1,train,/app/data/raw/CBIS_DDSM/jpeg/1.3.6.1.4.1.9590.100.1.2.101302820113690396725231863062647135083/1-162.jpg,/app/data/processed/normalized/P_01232_mass_RIGHT_CC_1-162.png,/app/data/processed/contrast/P_01232_mass_RIGHT_CC_1-162.png,/app/data/processed/sharpened/P_01232_mass_RIGHT_CC_1-162.png,mixed_poisson_gaussian,median,/app/data/processed/noisy/mixed_poisson_gaussian/P_01232_mass_RIGHT_CC_1-162.png,/app/data/processed/denoised/median/mixed_poisson_gaussian_P_01232_mass_RIGHT_CC_1-162.png
P_01232,mass,RIGHT,CC,MALIGNANT,1,train,/app/data/raw/CBIS_DDSM/jpeg/1.3.6.1.4.1.9590.100.1.2.101302820113690396725231863062647135083/1-162.jpg,/app/data/processed/normalized/P_01232_mass_RIGHT_CC_1-162.png,/app/data/processed/contrast/P_01232_mass_RIGHT_CC_1-162.png,/app/data/processed/sharpened/P_01232_mass_RIGHT_CC_1-162.png,mixed_poisson_gaussian,gaussian,/app/data/processed/noisy/mixed_poisson_gaussian/P_01232_mass_RIGHT_CC_1-162.png,/app/data/processed/denoised/gaussian/mixed_poisson_gaussian_P_01232_mass_RIGHT_CC_1-162.png
P_01232,mass,RIGHT,CC,MALIGNANT,1,train,/app/data/raw/CBIS_DDSM/jpeg/1.3.6.1.4.1.9590.100.1.2.101302820113690396725231863062647135083/1-162.jpg,/app/data/processed/normalized/P_01232_mass_RIGHT_CC_1-162.png,/app/data/processed/contrast/P_01232_mass_RIGHT_CC_1-162.png,/app/data/processed/sharpened/P_01232_mass_RIGHT_CC_1-162.png,mixed_poisson_gaussian,wiener,/app/data/processed/noisy/mixed_poisson_gaussian/P_01232_mass_RIGHT_CC_1-162.png,/app/data/processed/denoised/wiener/mixed_poisson_gaussian_P_01232_mass_RIGHT_CC_1-162.png
P_01232,mass,RIGHT,CC,MALIGNANT,1,train,/app/data/raw/CBIS_DDSM/jpeg/1.3.6.1.4.1.9590.100.1.2.101302820113690396725231863062647135083/1-162.jpg,/app/data/processed/normalized/P_01232_mass_RIGHT_CC_1-162.png,/app/data/processed/contrast/P_01232_mass_RIGHT_CC_1-162.png,/app/data/processed/sharpened/P_01232_mass_RIGHT_CC_1-162.png,mixed_poisson_gaussian,bilateral,/app/data/processed/noisy/mixed_poisson_gaussian/P_01232_mass_RIGHT_CC_1-162.png,/app/data/processed/denoised/bilateral/mixed_poisson_gaussian_P_01232_mass_RIGHT_CC_1-162.png
P_01232,mass,RIGHT,CC,MALIGNANT,1,train,/app/data/raw/CBIS_DDSM/jpeg/1.3.6.1.4.1.9590.100.1.2.101302820113690396725231863062647135083/1-162.jpg,/app/data/processed/normalized/P_01232_mass_RIGHT_CC_1-162.png,/app/data/processed/contrast/P_01232_mass_RIGHT_CC_1-162.png,/app/data/processed/sharpened/P_01232_mass_RIGHT_CC_1-162.png,mixed_poisson_gaussian,non_local_means,/app/data/processed/noisy/mixed_poisson_gaussian/P_01232_mass_RIGHT_CC_1-162.png,/app/data/processed/denoised/non_local_means/mixed_poisson_gaussian_P_01232_mass_RIGHT_CC_1-162.png
P_01232,mass,RIGHT,CC,MALIGNANT,1,train,/app/data/raw/CBIS_DDSM/jpeg/1.3.6.1.4.1.9590.100.1.2.101302820113690396725231863062647135083/1-162.jpg,/app/data/processed/normalized/P_01232_mass_RIGHT_CC_1-162.png,/app/data/processed/contrast/P_01232_mass_RIGHT_CC_1-162.png,/app/data/processed/sharpened/P_01232_mass_RIGHT_CC_1-162.png,mixed_poisson_gaussian,anscombe_wiener,/app/data/processed/noisy/mixed_poisson_gaussian/P_01232_mass_RIGHT_CC_1-162.png,/app/data/processed/denoised/anscombe_wiener/mixed_poisson_gaussian_P_01232_mass_RIGHT_CC_1-162.png
P_01232,mass,RIGHT,CC,MALIGNANT,1,train,/app/data/raw/CBIS_DDSM/jpeg/1.3.6.1.4.1.9590.100.1.2.101302820113690396725231863062647135083/1-162.jpg,/app/data/processed/normalized/P_01232_mass_RIGHT_CC_1-162.png,/app/data/processed/contrast/P_01232_mass_RIGHT_CC_1-162.png,/app/data/processed/sharpened/P_01232_mass_RIGHT_CC_1-162.png,mixed_poisson_gaussian,adaptive_median,/app/data/processed/noisy/mixed_poisson_gaussian/P_01232_mass_RIGHT_CC_1-162.png,/app/data/processed/denoised/adaptive_median/mixed_poisson_gaussian_P_01232_mass_RIGHT_CC_1-162.png
P_01232,mass,RIGHT,CC,MALIGNANT,1,train,/app/data/raw/CBIS_DDSM/jpeg/1.3.6.1.4.1.9590.100.1.2.101302820113690396725231863062647135083/1-162.jpg,/app/data/processed/normalized/P_01232_mass_RIGHT_CC_1-162.png,/app/data/processed/contrast/P_01232_mass_RIGHT_CC_1-162.png,/app/data/processed/sharpened/P_01232_mass_RIGHT_CC_1-162.png,mixed_poisson_gaussian,kuan,/app/data/processed/noisy/mixed_poisson_gaussian/P_01232_mass_RIGHT_CC_1-162.png,/app/data/processed/denoised/kuan/mixed_poisson_gaussian_P_01232_mass_RIGHT_CC_1-162.png
